[{"pk": 1, "model": "buzzword.genre", "fields": {"name": "HR", "slug": "hr"}}, {"pk": 2, "model": "buzzword.genre", "fields": {"name": "Marketing", "slug": "marketing"}}, {"pk": 3, "model": "buzzword.genre", "fields": {"name": "Finance", "slug": "finance"}}, {"pk": 4, "model": "buzzword.genre", "fields": {"name": "IT", "slug": "it"}}, {"pk": 5, "model": "buzzword.genre", "fields": {"name": "Innovation", "slug": "innovation"}}, {"pk": 6, "model": "buzzword.genre", "fields": {"name": "Social Media", "slug": "social-media"}}, {"pk": 7, "model": "buzzword.genre", "fields": {"name": "Cloud", "slug": "cloud"}}, {"pk": 1, "model": "buzzword.buzzword", "fields": {"genre": 1, "definition": "Refers to a person or group holding an unquestioned belief, argument, or philosophy without critical examination.", "word": "Drinking the Kool-Aid", "clue": "Blind obedience.  Following orders from above with neither question nor thought."}}, {"pk": 2, "model": "buzzword.buzzword", "fields": {"genre": 1, "definition": "A type of organization that operates in opposite fashion to a bureaucracy.", "word": "Adhocracy", "clue": "Where once there was bureaucracy, here lies the solution to endless red tape."}}, {"pk": 3, "model": "buzzword.buzzword", "fields": {"genre": 1, "definition": "electronic messages from a company's executives that are of little value to the employee who has received it", "word": "Adminispam", "clue": "Yet another inbox clogging email that no one reads but is afraid to delete as it may be important later on.  Number one cause of 'inbox over the limit' messages."}}, {"pk": 4, "model": "buzzword.buzzword", "fields": {"genre": 1, "definition": "the sharing of information between two (or more) people", "word": "Sync-up", "clue": "The trendy way of sharing information. Circa 2013."}}, {"pk": 5, "model": "buzzword.buzzword", "fields": {"genre": 1, "definition": "the levels of management where big, impractical, and counterproductive decisions are made", "word": "Adminisphere", "clue": "That particular level of management who spend so long working out the answer, no one can even remember the question."}}, {"pk": 6, "model": "buzzword.buzzword", "fields": {"genre": 1, "definition": "Someone who makes lots of noise, disrupts everything, has the potential to make a big mess - but ultimately does nothing.", "word": "Airball", "clue": "You all know the guy.  So much talk, so little action."}}, {"pk": 7, "model": "buzzword.buzzword", "fields": {"genre": 1, "definition": "someone who utilizes gifts and flattery as means of attempting to achieve promotion or favor.", "word": "Apple Polishers", "clue": "\"Ohh, your hair is looking fabulous today.  Did you get it cut?  Now about that promotion...\""}}, {"pk": 8, "model": "buzzword.buzzword", "fields": {"genre": 1, "definition": "All talk, no action. Four-letter acronym describing a person who makes promises with great fanfare, but seldom follows through", "word": "ATNA", "clue": "All talk, no action.  The quickest way to describe the guy who promises the world, then delivers nothing."}}, {"pk": 9, "model": "buzzword.buzzword", "fields": {"genre": 1, "definition": "Solving a difficult problem by pulling staff and resources from the four corners of the company to develop a solution.", "word": "Barn raising", "clue": "Solving a difficult problem by pulling staff and resources out of the woodwork to develop a solution."}}, {"pk": 10, "model": "buzzword.buzzword", "fields": {"genre": 1, "definition": "Old style managers that see things as right or wrong, leaving no room for discussion", "word": "Bi-tonal", "clue": "The kind of boss who sees it as black or white, with nothing inbetween."}}, {"pk": 11, "model": "buzzword.buzzword", "fields": {"genre": 1, "definition": "To deflect responsibility by pointing the finer at someone else.", "word": "Blame shift", "clue": "Seek our the weakest and most vulnerable employee and place the blame at their feet.  After all, it's your mortage/ income/ life at stake."}}, {"pk": 12, "model": "buzzword.buzzword", "fields": {"genre": 1, "definition": "A group process where participants analyze a failed project and look for scapegoats other than themselves", "word": "Blamestorming", "clue": "The group process of blaming everyone and everything.  Apart from yourself."}}, {"pk": 13, "model": "buzzword.buzzword", "fields": {"genre": 1, "definition": "The mass nod of agreement by participants in a meeting to comments made by the boss even though most have no idea what he just said", "word": "Bobbleheading", "clue": "A boardroom full of nodding colleagues, daydreaming about what to have for lunch, who don't have a clue what's being said."}}, {"pk": 14, "model": "buzzword.buzzword", "fields": {"genre": 1, "definition": "An acronym muttered by the people who do the real work when senior managers announce their latest and greatest sales/customer service/quality initiative", "word": "BOHICA", "clue": "Often heard being muttered by the people who do the real work, when senior management announce the latest round of performance/sales/customer initiatives."}}, {"pk": 15, "model": "buzzword.buzzword", "fields": {"genre": 1, "definition": "To undertake an impossible task or project or to make a task or project unnecessarily difficult.", "word": "Boiling the ocean", "clue": "Making the impossible, impossible."}}, {"pk": 16, "model": "buzzword.buzzword", "fields": {"genre": 1, "definition": "Quick-fix solutions or business practices that turn toxic", "word": "Botchulism", "clue": "Quick-fix solutions or business practices that turn toxic"}}, {"pk": 17, "model": "buzzword.buzzword", "fields": {"genre": 1, "definition": "A meeting scheduled during lunch house in which the employee not only has to work but must bring his or her own lunch", "word": "Brown bag session", "clue": "Not only a meeting scheduled during your lunch hour, but one in which you must bring your own lunch."}}, {"pk": 18, "model": "buzzword.buzzword", "fields": {"genre": 1, "definition": "Bring Your Own Advil. Description for a task that's sure to give you a headache.", "word": "BYOA", "clue": "Bring Your Own Advil.  For this project, you're going to need it..."}}, {"pk": 19, "model": "buzzword.buzzword", "fields": {"genre": 1, "definition": "The process of a company repeatedly reducing head count, but not the work, until it goes under.", "word": "Capsizing", "clue": "Repeatedly reducing head count, but not the work, until the business eventually goes under."}}, {"pk": 20, "model": "buzzword.buzzword", "fields": {"genre": 1, "definition": "A seasoned, outside salesperson, who has traveled extensively, been responsible for meeting a large quota and has the ulcers to prove it.", "word": "Carried a bag", "clue": "A hardcore salesman who has more than earned his airmiles."}}, {"pk": 21, "model": "buzzword.buzzword", "fields": {"genre": 1, "definition": "CEO-speak for replacing a fellow chief executive", "word": "C-change", "clue": "Swapping one big cheese for another."}}, {"pk": 22, "model": "buzzword.buzzword", "fields": {"genre": 1, "definition": "The act of Ccing an e-mail message to anyone even remotely involved in a decision or action in order to cover your own butt.", "word": "CCYA", "clue": "The act of copying the whole world and his dog into an email to cover your own butt."}}, {"pk": 23, "model": "buzzword.buzzword", "fields": {"genre": 1, "definition": "A term used to describe what a company does just before it goes down the tubes.", "word": "Circling the drain", "clue": "Last ditch attempt at swimming, even when you know you're aboard a sinking ship."}}, {"pk": 24, "model": "buzzword.buzzword", "fields": {"genre": 1, "definition": "Successful women in powerful positions having it all.", "word": "Alphanista", "clue": "The business equivalent of Carrie Bradshaw. You name it, she's got it."}}, {"pk": 25, "model": "buzzword.buzzword", "fields": {"genre": 1, "definition": "A blend of acquired and hired.", "word": "Acqui-hire", "clue": "Can't find the staff these days?  Not to worry. Just buy out the whole team."}}, {"pk": 26, "model": "buzzword.buzzword", "fields": {"genre": 1, "definition": "Someone who uses minimal energy to get the task accomplished.", "word": "Minergy", "clue": "The absolute bare minimum required to get the job done."}}, {"pk": 27, "model": "buzzword.buzzword", "fields": {"genre": 1, "definition": "Doing three things at once.", "word": "Tri-ti-taking", "clue": "Multi-tasking three things at once."}}, {"pk": 28, "model": "buzzword.buzzword", "fields": {"genre": 1, "definition": "Description of someone whose sole motivation is money.", "word": "Coin operated", "clue": "Only springs into life when money's involved."}}, {"pk": 29, "model": "buzzword.buzzword", "fields": {"genre": 1, "definition": "The degree of dullness of a meeting, presentation or reading material", "word": "Coma factor", "clue": "Degree of dullness.\u00a0Applies\u00a0to\u00a0meetings, presentations, literature - potentially some colleagues..."}}, {"pk": 30, "model": "buzzword.buzzword", "fields": {"genre": 1, "definition": "An opinion or position no one really loves, but everyone is able to live with.", "word": "Consensus", "clue": "The position that noone really loves, but everyone can live with."}}, {"pk": 31, "model": "buzzword.buzzword", "fields": {"genre": 1, "definition": "An organization's strategic plan that's displayed prominently behind an executive's desk, but sits untouched until it's updated the following year.", "word": "Credenza-ware", "clue": "A company strategy that's prepared lovingly, displayed proudly on the walls - then never touched again. Until of course\u00a0it's updated, the following year.\u00a0See also 'Wallpaper'."}}, {"pk": 32, "model": "buzzword.buzzword", "fields": {"genre": 1, "definition": "\"rest, relax and mentally recharge\"", "word": "Defrag", "clue": "Stop working, chill, recharge your brain."}}, {"pk": 33, "model": "buzzword.buzzword", "fields": {"genre": 1, "definition": "To be reviled or boycotted for voicing an unpopular political sentiment.", "word": "Dixie-Chicked", "clue": "Boycotted and reviled because\u00a0of the (office) political sentiments you've voiced."}}, {"pk": 34, "model": "buzzword.buzzword", "fields": {"genre": 1, "definition": "The coded language spoken by diplomats to \"send a message\"   without actually committing to anything", "word": "Diplo-speak", "clue": "Abbreviation of Diplomat-Speak: the langauge that can be spoken, without saying anything at all."}}, {"pk": 35, "model": "buzzword.buzzword", "fields": {"genre": 1, "definition": "Consultant-speak for \u201cTrust us. We don\u2019t have a specific answer, but if you go in this general direction we think you\u2019ll be making the right decision.\u201d", "word": "Directionally correct", "clue": "Pointing people in the right direction - without giving them\u00a0any\u00a0actual directions. Often said in consultancy."}}, {"pk": 36, "model": "buzzword.buzzword", "fields": {"genre": 1, "definition": "A receptionist. Once the punch line of an Internet joke, it's now an actual job title at some companies.", "word": "Director of First Impressions", "clue": "Receptionist. Once the the punchline of a joke - now an actual job title! Who's laughing now? We're not sure, either."}}, {"pk": 37, "model": "buzzword.buzzword", "fields": {"genre": 1, "definition": "To remove ambiguities. To make clear. Used extensively by software developers", "word": "Disambiguate", "clue": "Make clear."}}, {"pk": 38, "model": "buzzword.buzzword", "fields": {"genre": 1, "definition": "An employee that is learning something the hard way, like being immersed in their field of employment.", "word": "Baptism by Fire", "clue": "Being thrown in at the deep end, and\u00a0learning a lot - at risk of getting burnt, along the way."}}, {"pk": 39, "model": "buzzword.buzzword", "fields": {"genre": 1, "definition": "A difficult situation that a company or individual experiences that will result in either success or failure.", "word": "Baptism of Fire", "clue": "A hard, make-or-break situation for a company or individual."}}, {"pk": 40, "model": "buzzword.buzzword", "fields": {"genre": 1, "definition": "The core teachings, skills and research in a field or industry.", "word": "Body Of Knowledge - BOK", "clue": "This fundamentals of an industry, right down to the basics."}}, {"pk": 41, "model": "buzzword.buzzword", "fields": {"genre": 1, "definition": "An employee with low ambition and, consequently, low productivity.", "word": "Coaster", "clue": "Someone whose low ambition makes for low productivity."}}, {"pk": 42, "model": "buzzword.buzzword", "fields": {"genre": 1, "definition": "An investment strategy in which investors mimic the trades of well-known and historically successful investors.", "word": "Coattail Investing", "clue": "Copycat investment strategy, mimicing the actions of successful investors."}}, {"pk": 43, "model": "buzzword.buzzword", "fields": {"genre": 1, "definition": "The solicitation of potential customers who were not anticipating such an interaction.", "word": "Cold Calling", "clue": "Calling a potential customer or client who isn't expecting to hear from you. Expect a cold response!"}}, {"pk": 44, "model": "buzzword.buzzword", "fields": {"genre": 1, "definition": "The act of making a process, good or service easy to obtain by making it as uniform, plentiful and affordable as possible.", "word": "Commoditize", "clue": "To make a process, product or service available to everyone; by making it unfiform, plentiful and cheap."}}, {"pk": 45, "model": "buzzword.buzzword", "fields": {"genre": 1, "definition": "A person on a company's board of directors who votes and acts on the wishes of a non-board member.", "word": "Dummy Director", "clue": "A\u00a0board memember who acts on the wishes of someone outside of the top team - like a total dummy."}}, {"pk": 46, "model": "buzzword.buzzword", "fields": {"genre": 1, "definition": "A brief speech that outlines an idea for a product, service or project.", "word": "Elevator Pitch", "clue": "Brief speech outlining a product, service or idea - the way you would if you had just 60 seconds. In, say,\u00a0an elevator..."}}, {"pk": 47, "model": "buzzword.buzzword", "fields": {"genre": 1, "definition": "The act of attempting to increase the size and scope of an individual or organization's power and influence.", "word": "Empire Building", "clue": "Trying to widen the scope of power and influence - of either an individual, or a\u00a0company."}}, {"pk": 48, "model": "buzzword.buzzword", "fields": {"genre": 1, "definition": "Someone who is high up in a company due to unfair hiring practices, such as nepotism, and doesn't really do anything for the company.", "word": "Empty Suit", "clue": "Wishful term for the guy who does nothing\u00a0much - but gets high up in the company, through unfair hiring."}}, {"pk": 49, "model": "buzzword.buzzword", "fields": {"genre": 1, "definition": "A baseball reference applied to businesses that train employees only to have them leave for competing firms.", "word": "Farm Team", "clue": "A business that trains great employees -\u00a0before they\u00a0leave and join competing firms. Originally a baseball term."}}, {"pk": 50, "model": "buzzword.buzzword", "fields": {"genre": 1, "definition": "A word used to describe executives who earn what many believe to be unreasonably high salaries and bonuses.", "word": "Fat Cat", "clue": "The executive with a ridiculously high salary or bonus - who generally gets more of the cream than they should."}}, {"pk": 51, "model": "buzzword.buzzword", "fields": {"genre": 1, "definition": "Term used to describe the practice of a labor union requiring an employer to hire more workers than necessary for a particular task.", "word": "Featherbedding", "clue": "Hiring someone unnecessarily -\u00a0whose role it is to hire\u00a0people unnecessairly - for one overstaffed project."}}, {"pk": 52, "model": "buzzword.buzzword", "fields": {"genre": 1, "definition": "A collection of financial incentives that are intended to encourage employees to remain with a company.", "word": "Golden Handcuffs", "clue": "A set of financial perks intended\u00a0to retain employees."}}, {"pk": 53, "model": "buzzword.buzzword", "fields": {"genre": 1, "definition": "A signing bonus offered to a candidate from a rival company.", "word": "Golden Hello", "clue": "Reserved for a job candidate from a rival company, this is a special way of saying 'hi': with a huge signing bonus."}}, {"pk": 54, "model": "buzzword.buzzword", "fields": {"genre": 1, "definition": "An exceptional compensation package offered by the acquiring company to the top executives of the company being bought.", "word": "Golden Life Jacket", "clue": "Handier than it sounds: a financial package\u00a0offered by an acquiring company, to the top team of the company they acquire."}}, {"pk": 55, "model": "buzzword.buzzword", "fields": {"genre": 2, "definition": "Using a product yourself which you sell to others", "word": "Eating your own dogfood", "clue": "Using\u00a0the product you're selling to others."}}, {"pk": 56, "model": "buzzword.buzzword", "fields": {"genre": 2, "definition": "A company's ability to retain a piece of the publics consciousness", "word": "Mindshare", "clue": "Amount of space your company takes up in the public's thoughts - like cerebral real estate!"}}, {"pk": 57, "model": "buzzword.buzzword", "fields": {"genre": 2, "definition": "The raw number of people that look at a website", "word": "Eyeballs", "clue": "People\u00a0- when talking about the raw number of them that look at a website."}}, {"pk": 58, "model": "buzzword.buzzword", "fields": {"genre": 2, "definition": "Any advertisement or marketing message that is presented to users as useful information.", "word": "Advermation", "clue": "An advert, fused with (or disguised as) useful information."}}, {"pk": 59, "model": "buzzword.buzzword", "fields": {"genre": 2, "definition": "A term used by market researchers for the \"coolest kid in the neighborhood.\"", "word": "Alpha pup", "clue": "'Coolest kid in town': rare species sought widely\u00a0by market researchers."}}, {"pk": 60, "model": "buzzword.buzzword", "fields": {"genre": 2, "definition": "non-scientific observations or studies, which do not provide proof but may assist research efforts", "word": "Anecdotal evidence", "clue": "Non-scientific observations and stories, used to back up an argument."}}, {"pk": 61, "model": "buzzword.buzzword", "fields": {"genre": 2, "definition": "Any action or practice that would reflect badly on the company", "word": "Bad cosmetics", "clue": "Actions that aren't pretty, when it comes to their effect on company reputation."}}, {"pk": 62, "model": "buzzword.buzzword", "fields": {"genre": 2, "definition": "Anything that has little or no substance", "word": "Barneyware", "clue": "Anything with little or no substance."}}, {"pk": 63, "model": "buzzword.buzzword", "fields": {"genre": 2, "definition": "A term used to describe customers who cost more to serve than they return in value", "word": "Below Zeros", "clue": "Customers who cost more to serve than they actually\u00a0spend."}}, {"pk": 64, "model": "buzzword.buzzword", "fields": {"genre": 2, "definition": "Branding schemes that strip out any uniqueness in a corporate identity in order to appear to a larger audience", "word": "Blanding", "clue": "Branding that takes away identity and uniqueness\u00a0instead of\u00a0adding to it -\u00a0in an attempt to please\u00a0a wider audience."}}, {"pk": 65, "model": "buzzword.buzzword", "fields": {"genre": 2, "definition": "Anything that\u2019s overwritten- often padded with unnecessary adjectives or laden with hyperbole. Also appropriately known as 'BS'", "word": "Bloated syntax", "clue": "Overwritten, padded with unnecessary syllables, adjectives and rhetoric; better known simply as 'BS'."}}, {"pk": 66, "model": "buzzword.buzzword", "fields": {"genre": 2, "definition": "Paying well-known bloggers to write about a product or service under the guise of newsworthy information.", "word": "Blogola", "clue": "Paying successful bloggers to write about a product or service."}}, {"pk": 67, "model": "buzzword.buzzword", "fields": {"genre": 2, "definition": "Someone who relentlessly trumptes the brand and pushes for all decisions to be aligned with the company\u2019s \"brand essence\"", "word": "Brandroid", "clue": "The one who talks non-stop about the brand\u00a0and wants everything aligned to\u00a0company 'brand essence'. And we mean everything."}}, {"pk": 68, "model": "buzzword.buzzword", "fields": {"genre": 2, "definition": "A company's value based on name recognition and brand, not tangible assets.", "word": "Capitalized reputation", "clue": "A company's value\u00a0as measured by\u00a0its brand, reputation and name recognition."}}, {"pk": 69, "model": "buzzword.buzzword", "fields": {"genre": 2, "definition": "When a new marketing channel steals business from existing channels without adding new growth.", "word": "Channibalism", "clue": "When a new marketing channel eats up all the business from existing ones - without adding new growth."}}, {"pk": 70, "model": "buzzword.buzzword", "fields": {"genre": 2, "definition": "Marketing-speak for anything that focuses on the needs of the customer.", "word": "Client-centric", "clue": "Revolving around the customer and their needs."}}, {"pk": 71, "model": "buzzword.buzzword", "fields": {"genre": 2, "definition": "\"Advertising is no longer about interrupting what people are interested in, it's about being what people are interested in.\"", "word": "Advertainment", "clue": "Advertising by entertaining."}}, {"pk": 72, "model": "buzzword.buzzword", "fields": {"genre": 2, "definition": "when an online store treats brick and mortar stores as their showroom.", "word": "Showrooming", "clue": "When an online retailer uses physical stores as\u00a0their showroom: knowing that customers will buy online after they've looked at the product in-store."}}, {"pk": 73, "model": "buzzword.buzzword", "fields": {"genre": 2, "definition": "A Web page that opens after you unsubscribe from an e-mail list, where a final appeal is made to keep you.", "word": "Columbo site", "clue": "The website that opens after you unsubscribe from a mailing list as a last desperate shot at persuading you to stay."}}, {"pk": 74, "model": "buzzword.buzzword", "fields": {"genre": 2, "definition": "any anecdote or opinion disguised as fact that can be used to persuade others.", "word": "Data point", "clue": "An opinion disguised as a cold hard fact that's used to make a point."}}, {"pk": 75, "model": "buzzword.buzzword", "fields": {"genre": 2, "definition": "Anything that's not on the immediate horizon or is a low priority.", "word": "Day 2 project", "clue": "A project currently on the back burner."}}, {"pk": 76, "model": "buzzword.buzzword", "fields": {"genre": 2, "definition": "Death by Tweakage. When a product or project fails due to unnecessary tinkering or too many last-minute revisions.", "word": "DBT", "clue": "Death by Tweakage.  A project ruined by too many cooks spoiling the broth."}}, {"pk": 77, "model": "buzzword.buzzword", "fields": {"genre": 2, "definition": "To tone down or take a step back", "word": "Dial it back", "clue": "To take a step back."}}, {"pk": 78, "model": "buzzword.buzzword", "fields": {"genre": 2, "definition": "A retail store that occupies an enormous amount of physical space and offers a variety of products to its customers.", "word": "Big Box Retailer", "clue": "AKA supercenter, superstore or super retail outlet offering absolutely everything to absolutely everyone."}}, {"pk": 79, "model": "buzzword.buzzword", "fields": {"genre": 2, "definition": "A market theory that suggests that when a company reveals bad news to the public, there may be many more related negative events that have yet to be revealed.", "word": "Cockroach Theory", "clue": "The theory that behind every bit of bad news, there's much more to be revealed.  As a wise man once said, \"There's never just one.\""}}, {"pk": 80, "model": "buzzword.buzzword", "fields": {"genre": 2, "definition": "A market that is believed to have the potential to make a strong move in one direction after being pushed in the opposite direction.", "word": "Coiled Market", "clue": "A market that is believed to have the potential to make a strong move in one direction after being pushed in the opposite direction."}}, {"pk": 81, "model": "buzzword.buzzword", "fields": {"genre": 2, "definition": "A project-management technique that lays out all the activities needed to complete a task, the time it will take to complete each activity and the relationships between the activities.", "word": "Critical Path Analysis", "clue": "A fancy project management term for working out where we need to get to, and how we're going to get there."}}, {"pk": 82, "model": "buzzword.buzzword", "fields": {"genre": 2, "definition": "A product or service that has an energetic and loyal customer base.", "word": "Cult Brand", "clue": "Most brands can but dream of reaching these lofty heights."}}, {"pk": 83, "model": "buzzword.buzzword", "fields": {"genre": 2, "definition": "Trading that occurs outside of general market regulations.", "word": "Curb Trading", "clue": "Trading with little regard for the rules."}}, {"pk": 84, "model": "buzzword.buzzword", "fields": {"genre": 2, "definition": "A failure that occurs as a result of many smaller problems.", "word": "Death By A Thousand Cuts", "clue": "A failure resulting from the combination of many smaller problems."}}, {"pk": 85, "model": "buzzword.buzzword", "fields": {"genre": 2, "definition": "When property, stocks or other assets are sold in an urgent manner, often at a loss.", "word": "Distressed Sale", "clue": "A rapid, urgent sale of assets, often at a loss."}}, {"pk": 86, "model": "buzzword.buzzword", "fields": {"genre": 2, "definition": "Intense competition in a market.", "word": "Dog Eat Dog", "clue": "Survival of the fittest."}}, {"pk": 87, "model": "buzzword.buzzword", "fields": {"genre": 2, "definition": "A marketing and sales strategy retailers use to get a high volume of customers into their stores.", "word": "Doorbuster", "clue": "The practise of offering too-good-to-be-true prices to customers to get them through the door."}}, {"pk": 88, "model": "buzzword.buzzword", "fields": {"genre": 2, "definition": "Selling goods or assets at heavily discounted prices.", "word": "Fire Sale", "clue": "Urgently selling goods at heavily discounted prices."}}, {"pk": 89, "model": "buzzword.buzzword", "fields": {"genre": 2, "definition": "A product or service that is developed and distributed globally, but is also fashioned to accommodate the user or consumer in a local market.", "word": "Glocalization", "clue": "Imagine a McDonald's Big Mac with the flavours of Mumbai."}}, {"pk": 90, "model": "buzzword.buzzword", "fields": {"genre": 2, "definition": "A company that dominates an industry without having a complete monopoly.", "word": "Gorilla", "clue": "A company that dominates an industry without having a complete monopoly."}}, {"pk": 91, "model": "buzzword.buzzword", "fields": {"genre": 3, "definition": "The collective effort of individuals who network and pool their resources to support efforts initiated by other people or organizations.", "word": "Crowdfunding", "clue": "The team effort by lots of individuals to support a person or company's initiative; by pooling thoughts\u00a0and\u00a0resources."}}, {"pk": 92, "model": "buzzword.buzzword", "fields": {"genre": 3, "definition": "Financial instruments that have an impressive growth rate - but also a high risk factor", "word": "Barrybonds", "clue": "Financial instruments with a nice growth rate -\u00a0and a nasty risk factor."}}, {"pk": 93, "model": "buzzword.buzzword", "fields": {"genre": 3, "definition": "Big Damn Number", "word": "BDN", "clue": "Big Damn Number!"}}, {"pk": 94, "model": "buzzword.buzzword", "fields": {"genre": 3, "definition": "Term used to describe the sense of inadequacy, shame and regret felt by an individual whenever the stock market takes a dip.", "word": "Bear Market Depressive Syndrome (BMDS)", "clue": "Sense of inadequacy, shame and regret felt when the stock market dips."}}, {"pk": 95, "model": "buzzword.buzzword", "fields": {"genre": 3, "definition": "Money left over at the end of the budget year", "word": "Budget dust", "clue": "Money left at the end of the budget year.\u00a0That's one kind of dust everyone wants\u00a0to clean up..."}}, {"pk": 96, "model": "buzzword.buzzword", "fields": {"genre": 3, "definition": "The \"use it or lose it\" spending spree that occurs near the end of the fourth quarter.", "word": "Budget flush", "clue": "'Use it or lose it' spending frenzy at the end of the fourth quarter."}}, {"pk": 97, "model": "buzzword.buzzword", "fields": {"genre": 3, "definition": "When the market is flat and not moving in either direction. Investors are indecisive - like deer frozen in the headlights.", "word": "Deer market", "clue": "A market that's frozen in the headlights, not moving in either direction, and potentially about to get flattened."}}, {"pk": 98, "model": "buzzword.buzzword", "fields": {"genre": 3, "definition": "A significant amount of money.", "word": "A Ton Of Money", "clue": "A significant sum of money. Say, a ton..."}}, {"pk": 99, "model": "buzzword.buzzword", "fields": {"genre": 3, "definition": "an acquisition or merger in which the companies involved have trouble integrating with one another.", "word": "Acquisition Indigestion", "clue": "Trouble two companies have with integrating, after an acquisition or merger."}}, {"pk": 100, "model": "buzzword.buzzword", "fields": {"genre": 3, "definition": "A physical location in a brokerage where securities are kept.", "word": "Active Box", "clue": "Physical place where stocks, bonds and other securities are kept, in a brokerage."}}, {"pk": 101, "model": "buzzword.buzzword", "fields": {"genre": 3, "definition": "A social condition arising from the desire to be more wealthy, successful or to \"keep up with the Joneses\".", "word": "Affluenza", "clue": "Incurable desire\u00a0to 'keep up with the Joneses' through more wealth and success."}}, {"pk": 102, "model": "buzzword.buzzword", "fields": {"genre": 3, "definition": "A stock that experiences a sudden drop, usually the result of investors reacting to negative news.", "word": "Air Pocket Stock", "clue": "A stock that drops suddenly in value, like a plane in an air pocket. Without the complimentary sick bags. Often caused by investors' reactions to bad news."}}, {"pk": 103, "model": "buzzword.buzzword", "fields": {"genre": 3, "definition": "A trust agreement in which a divorced person agrees to pay spousal support from the income generated from a trust.", "word": "Alimony Substituion Trust", "clue": "Agreement for a divorcee to pay their ex-partner support from a trust."}}, {"pk": 104, "model": "buzzword.buzzword", "fields": {"genre": 3, "definition": "A stock with low market capitalization.", "word": "Ankle Biter", "clue": "A stock with low market capitalization."}}, {"pk": 105, "model": "buzzword.buzzword", "fields": {"genre": 3, "definition": "A postulated antithesis to fragility where high-impact events or shocks can be beneficial.", "word": "Anti-Fragility", "clue": "The theory that high-impact events or shocks can be benefical. Opposes the theory of fragility, which connects these events to financial downfall."}}, {"pk": 106, "model": "buzzword.buzzword", "fields": {"genre": 3, "definition": "A market theory that states stock prices and aspirin production are inversely related.", "word": "Aspirin Count Theory", "clue": "The theory that when stock prices go up, aspirin production goes down. A headache to understand..."}}, {"pk": 107, "model": "buzzword.buzzword", "fields": {"genre": 3, "definition": "Capital required to be set aside in order to cover a company against unexpected debt.", "word": "Asset Valuation Reserve - AVR", "clue": "Money set aside to secure a company against debts that could surprise them in future."}}, {"pk": 108, "model": "buzzword.buzzword", "fields": {"genre": 3, "definition": "The sale of an asset or item at a price significantly above the original purchase price due to high demand, rather than appreciation.", "word": "At A Premium", "clue": "At a sale price that's much higher than what the vendor paid originally for the item - due to high demand, not actial appreciation in value."}}, {"pk": 109, "model": "buzzword.buzzword", "fields": {"genre": 3, "definition": "An uneducated or unsophisticated investor.", "word": "Aunt Millie", "clue": "An uneducated or unsophisticated investor."}}, {"pk": 110, "model": "buzzword.buzzword", "fields": {"genre": 3, "definition": "When the bid on a limit order is lower than the current market price or the offer price is higher than the current market price, for a particular security.", "word": "Away From The Market", "clue": "On a limit order, a bid that's significantly lower or higher than the current market price."}}, {"pk": 111, "model": "buzzword.buzzword", "fields": {"genre": 3, "definition": "The movement in spread, price or yield of a security, which makes it more expensive to issue.", "word": "Back Up", "clue": "A\u00a0change in the\u00a0spread, price or yield of a security - making it cost more to issue."}}, {"pk": 112, "model": "buzzword.buzzword", "fields": {"genre": 3, "definition": "The purchase of a large position in a stock or other financial asset by an investor or trader", "word": "Back Up The Truck", "clue": "The buying of a large position in a stock or other asset, by an investor or trader. Vrrooom!"}}, {"pk": 113, "model": "buzzword.buzzword", "fields": {"genre": 3, "definition": "The negative effect felt by a company when shareholders and the investment community find out that is has done something that is not in accordance with good business practices.", "word": "Badwill", "clue": "What happens when you misbehave. The negative effect felt by a company when its investment community find out about its poor business practices."}}, {"pk": 114, "model": "buzzword.buzzword", "fields": {"genre": 3, "definition": "An investor who holds a position in a stock which decreases in value until it is worthless.", "word": "Bag Holder", "clue": "The\u00a0investor who's positioned in a\u00a0stock that keeps decreasing in value -\u00a0until it's worth nothing."}}, {"pk": 115, "model": "buzzword.buzzword", "fields": {"genre": 3, "definition": "A stock or other security that is approaching $0 in price.", "word": "Bagel Land", "clue": "A stock or other security so stale it's approaching a big, round $0 in price."}}, {"pk": 116, "model": "buzzword.buzzword", "fields": {"genre": 3, "definition": "A compilation of market and economic data that represents a general or larger trend.", "word": "Barometer", "clue": "The market and economic data that indicates trends."}}, {"pk": 117, "model": "buzzword.buzzword", "fields": {"genre": 3, "definition": "A period in which prices of stocks increase during a bear market.", "word": "Bear Market Ralley", "clue": "A period over which stock prices increase,\u00a0in spite of\u00a0the self-fulfilling negativity of a bear market."}}, {"pk": 118, "model": "buzzword.buzzword", "fields": {"genre": 3, "definition": "A change in market conditions that forces pessimistic investors attempting to profit from price declines to buy back an investment at a higher price than they sold it for.", "word": "Bear Squeeze", "clue": "The change in market conditions that squeezes money out of pessimistic investors; they\u00a0try\u00a0to profit from price declines,\u00a0only to\u00a0end up buying back their own assets at a higher price than at first."}}, {"pk": 119, "model": "buzzword.buzzword", "fields": {"genre": 3, "definition": "A fall in the price of a stock, sector, or market, or investor sentiment that assumes a fall will happen soon.", "word": "Bear Tack", "clue": "Not as cute as it sounds. A\u00a0fall in the price of a stock, market or sector - or a sentiment amongst investors that a fall is soon to come."}}, {"pk": 120, "model": "buzzword.buzzword", "fields": {"genre": 3, "definition": "A stock that is believed to be a leading indicator of the direction of a sector, industry or market as a whole.", "word": "Bellwether Stock", "clue": "A stock that's\u00a0held to be a weather forecast for the rest of its sector, industry or market -\u00a0indicating its direction as a whole."}}, {"pk": 121, "model": "buzzword.buzzword", "fields": {"genre": 3, "definition": "An investor who sells shares at or below the bid price.", "word": "Bid Whacker", "clue": "Investor who sells shares at, or below, bid price."}}, {"pk": 122, "model": "buzzword.buzzword", "fields": {"genre": 3, "definition": "A day of stock market catastrophe.", "word": "Black Friday", "clue": "A day of stock market catastrophe, in which prices crash."}}, {"pk": 123, "model": "buzzword.buzzword", "fields": {"genre": 3, "definition": "A company that makes a hostile takeover offer for a target company.", "word": "Black Knight", "clue": "A company making a hostile takeover offer. Not to be confused with The Dark Knight."}}, {"pk": 124, "model": "buzzword.buzzword", "fields": {"genre": 3, "definition": "An event or occurrence that deviates beyond what is normally expected of a situation and that would be extremely difficult to predict.", "word": "Black Swan", "clue": "An\u00a0unpredictable event; flying completely in the face of what you'd usually expect from a situation. They should have called it the bright purple swan..."}}, {"pk": 125, "model": "buzzword.buzzword", "fields": {"genre": 3, "definition": "A limited partnership or stock offering with no stated investment goal for the funds that are raised from investors.", "word": "Blind Pool", "clue": "Few people\u00a0can see where they're going with this one; a limited partnership or stock offering with no official investment goal for the funds it raises."}}, {"pk": 126, "model": "buzzword.buzzword", "fields": {"genre": 3, "definition": "A term used to describe a perfect stock or investment.", "word": "Bo Derek", "clue": "A perfect stock or investment - named bizarrely after a 70's film actress."}}, {"pk": 127, "model": "buzzword.buzzword", "fields": {"genre": 3, "definition": "A benefit or improvement for investors.", "word": "Boon", "clue": "Benefit or improvement for investors."}}, {"pk": 128, "model": "buzzword.buzzword", "fields": {"genre": 3, "definition": "An investor who looks for bargains among stocks whose prices have recently dropped dramatically.", "word": "Bottom Fisher", "clue": "A bargain hunter, looking to invest in stocks whose prices have just fallen sharply."}}, {"pk": 129, "model": "buzzword.buzzword", "fields": {"genre": 3, "definition": "A term used in futures markets to describe a rapid and sharp price decline.", "word": "Break", "clue": "Sharp, fast price decline - often in futures markets."}}, {"pk": 130, "model": "buzzword.buzzword", "fields": {"genre": 3, "definition": "A type of stock initial public offering (IPO) that trades below the original offering price to the market within the first few months after trading begins.", "word": "Break Issue", "clue": "A type of stock that, after a few months of\u00a0being released to the public, starts to trade below its initial offering price."}}, {"pk": 131, "model": "buzzword.buzzword", "fields": {"genre": 3, "definition": "When a security or a class of assets sees its market-driven price move in the opposite direction of the broad market or its competition.", "word": "Buck The Trend", "clue": "To have a price that moves in the opposite direction to the market, or its competition. Said of securities, or certain classes of assets."}}, {"pk": 132, "model": "buzzword.buzzword", "fields": {"genre": 3, "definition": "A period of time during which economic growth decreases rapidly.", "word": "Bust", "clue": "A time over which economic growth decreases rapidly."}}, {"pk": 133, "model": "buzzword.buzzword", "fields": {"genre": 3, "definition": "When investors give up any previous gains in stock price by selling equities in an effort to get out of the market and into less risky investments.", "word": "Capitulation", "clue": "Escaping from a risky market by selling equities - causing you to\u00a0lose any previous gains in stock price."}}, {"pk": 134, "model": "buzzword.buzzword", "fields": {"genre": 3, "definition": "An exchange of credits between nations designed to reduce emissions of carbon dioxide.", "word": "Carbon Trade", "clue": "An exchange between nations, designed to reduce CO2 emissions."}}, {"pk": 135, "model": "buzzword.buzzword", "fields": {"genre": 3, "definition": "One of the four categories (quadrants) in the BCG growth-share matrix that represents the division within a company that has a large market share within a mature industry.", "word": "Cash Cow", "clue": "Division within a company that has a large market share in a mature industry. A share eveyone can milk for years to come..."}}, {"pk": 136, "model": "buzzword.buzzword", "fields": {"genre": 3, "definition": "The belief that money (cash) is more valuable than any other form of investment tool.", "word": "Cash Is King", "clue": "The belief that money is more valuable than any other form of investment."}}, {"pk": 137, "model": "buzzword.buzzword", "fields": {"genre": 3, "definition": "A term for an investment strategy that is considered extremely risky.", "word": "Casino Finance", "clue": "Risky investment strategy."}}, {"pk": 138, "model": "buzzword.buzzword", "fields": {"genre": 3, "definition": "Large companies that put less efficient and highly specialized merchants out of business.", "word": "Category Killer", "clue": "Giant companies that put others in their category - often specialist merchants - out of business."}}, {"pk": 139, "model": "buzzword.buzzword", "fields": {"genre": 3, "definition": "A slang term referring to speculative stocks that have short or suspicious histories for sales, earnings, dividends etc", "word": "Cats and Dogs", "clue": "Speculative stocks with short, suspicious histories. May bite, if provoked."}}, {"pk": 140, "model": "buzzword.buzzword", "fields": {"genre": 3, "definition": "A Latin phrase for \"let the buyer beware.\"", "word": "Caveat Emptor", "clue": "Latin for \"let the buyer beware\"."}}, {"pk": 141, "model": "buzzword.buzzword", "fields": {"genre": 3, "definition": "A champagne stock is one that has made shareholders a great deal of money.", "word": "Champagne Stock", "clue": "A stock that's made its investors enough money for a fountain of cuv\u00e9e de prestige."}}, {"pk": 142, "model": "buzzword.buzzword", "fields": {"genre": 3, "definition": "What a company's management does when it decides to trim small, trivial costs instead of cutting larger, more serious costs.", "word": "Chasing Nickels Around Dollar Bills", "clue": "Cutting small, trivial costs; instead of bigger, serious ones."}}, {"pk": 143, "model": "buzzword.buzzword", "fields": {"genre": 3, "definition": "The act of investors choosing investments that have performed well within another portfolio in anticipation that the trend will continue.", "word": "Cherry Picking", "clue": "Choosing investments that have performed well in other sectors - in the hope that they'll do the same in yours. Tasty."}}, {"pk": 144, "model": "buzzword.buzzword", "fields": {"genre": 3, "definition": "The ethical barrier between different divisions of a financial (or other) institution to avoid conflict of interest.", "word": "Chinese Wall", "clue": "Information barrier that keeps investors' actions secret from others in their company, to avoid conflict of interest."}}, {"pk": 145, "model": "buzzword.buzzword", "fields": {"genre": 3, "definition": "A debt investment that is said to have no principal, no interest and no maturity value.", "word": "Clinton Bond", "clue": "A debt investment named after the onetime President that is said to have no principal, no interest and no maturity value..."}}, {"pk": 146, "model": "buzzword.buzzword", "fields": {"genre": 3, "definition": "A theory that seeks to explain the effect that 24-hour news networks, such as CNN, have on the general political and economic climate.", "word": "CNN Effect", "clue": "The general, political and economic effects experienced when 24 hour news networks cover a story."}}, {"pk": 147, "model": "buzzword.buzzword", "fields": {"genre": 3, "definition": "Equity shares owned by major shareholders of a publicly traded corporation.", "word": "Control Stock", "clue": "Equity shares owned by major sharedholders of a publicly traded corporation."}}, {"pk": 148, "model": "buzzword.buzzword", "fields": {"genre": 3, "definition": "An accounting practice in which a company uses generous reserves from good years against losses that might be incurred in bad years.", "word": "Cookie Jar Accounting", "clue": "Not as tasty as it sounds, this accounting practice sees companies using generous reserves from better days against losses incurred in bad years."}}, {"pk": 149, "model": "buzzword.buzzword", "fields": {"genre": 3, "definition": "A term used to describe someone considered to have bad luck with stock picking.", "word": "Cooler", "clue": "Someone who really shouldn't be selected to do the stock picking."}}, {"pk": 150, "model": "buzzword.buzzword", "fields": {"genre": 3, "definition": "The performance of a publicly traded company in non-financial areas such as social responsibility, sustainability and environmental performance.", "word": "Corporate Accountability", "clue": "How a company performs in relation to making the world a nicer place to be."}}, {"pk": 151, "model": "buzzword.buzzword", "fields": {"genre": 3, "definition": "An act of self-infringement upon market share by corporations through the issuance of new products.", "word": "Corporate Cannibalism", "clue": "A company launching products into a market they already dominate and effectively.. competing against themselves!"}}, {"pk": 152, "model": "buzzword.buzzword", "fields": {"genre": 3, "definition": "Corporate initiative to assess and take responsibility for the company's effects on the environment and impact on social welfare.", "word": "Corporate Social Responsibilty - CSR", "clue": "The measures a company takes to have a positive impact on the world."}}, {"pk": 153, "model": "buzzword.buzzword", "fields": {"genre": 3, "definition": "A ranking of countries according to the extent to which corruption is believed to exist.", "word": "Corruption Perception Index - CPI", "clue": "A ranking of countries by level of corruption believed to exist."}}, {"pk": 154, "model": "buzzword.buzzword", "fields": {"genre": 3, "definition": "A situation in which a creditor is forced to accept undesirable terms imposed by a court during a bankruptcy or reorganization.", "word": "Cram-Down Deal", "clue": "A situation in which a creditor is forced to accept undesirable terms in the face of bankruptcy."}}, {"pk": 155, "model": "buzzword.buzzword", "fields": {"genre": 3, "definition": "A sudden and significant decline in the value of a market.", "word": "Crash", "clue": "A dramatic decline in the value of a market."}}, {"pk": 156, "model": "buzzword.buzzword", "fields": {"genre": 3, "definition": "A crisis that occurs when several financial institutions issue or are sold high-risk loans that start to default.", "word": "Credit Crisis", "clue": "A financial crisis that occurs when institutions are sold high-risk loans that default."}}, {"pk": 157, "model": "buzzword.buzzword", "fields": {"genre": 3, "definition": "An economic condition in which investment capital is difficult to obtain.", "word": "Credit Crunch", "clue": "The economic climate in which consumers panic and begin buying supermarket own labels 'coz it's the credit crunch, innit'."}}, {"pk": 158, "model": "buzzword.buzzword", "fields": {"genre": 3, "definition": "A very important or crucial stage in a company's development, where the business activity acquires self-sustaining viability.", "word": "Critical Mass", "clue": "A really important stage in a company's development when it finally becomes able to support itself."}}, {"pk": 159, "model": "buzzword.buzzword", "fields": {"genre": 3, "definition": "The most valuable unit(s) of a corporation, as defined by characteristics such as profitability, asset value and future prospects.", "word": "Crown Jewels", "clue": "The most valuable part of an organisation."}}, {"pk": 160, "model": "buzzword.buzzword", "fields": {"genre": 3, "definition": "A classification describing stocks that have a sizable investor following, despite the fact that the underlying company has somewhat insignificant fundamentals.", "word": "Cult Stock", "clue": "Stocks with a sizeable investor following in spite of the underlying company being somewhat insignificant."}}, {"pk": 161, "model": "buzzword.buzzword", "fields": {"genre": 3, "definition": "The \"real time\" price of a security trading on an exchange, as well as the most recent price of a security listed in an investment portfolio.", "word": "Current Price", "clue": "The 'real time' price of stock."}}, {"pk": 162, "model": "buzzword.buzzword", "fields": {"genre": 3, "definition": "A term used to describe when a board of directors declares an additional dividend in addition to the regular distribution.", "word": "Cutting A Melon", "clue": "When a board of directors declares an additional dividend in addition to the regular distribution."}}, {"pk": 163, "model": "buzzword.buzzword", "fields": {"genre": 3, "definition": "A stipulation on a defense mechanism (or poison pill) used by companies in order to protect against a merger or takeover by another company.", "word": "Dead Hand Provision", "clue": "A poison pill used by companies to protect against a merger or takeover by another company."}}, {"pk": 164, "model": "buzzword.buzzword", "fields": {"genre": 3, "definition": "The condition of a company, whether publicly traded or private, that has gone bankrupt and ceased to exist.", "word": "Defunct", "clue": "When a company no longer exists."}}, {"pk": 165, "model": "buzzword.buzzword", "fields": {"genre": 3, "definition": "A dishonest broker tactic that involves convincing a client to purchase a stock because it's about to pay a dividend.", "word": "Dividend Selling", "clue": "Convincing a client to purchase stock because it's about to pay a dividend."}}, {"pk": 166, "model": "buzzword.buzzword", "fields": {"genre": 3, "definition": "The process of adding investments to one's portfolio in such a way that the risk/return trade-off is worsened.", "word": "Diworsification", "clue": "Adding investments to a portfolio in such a way that the risk/ return trade-off is worsened."}}, {"pk": 167, "model": "buzzword.buzzword", "fields": {"genre": 3, "definition": "A term referring to a financial seminar that presents new products or issues of securities to potential buyers.", "word": "Dog And Pony Show", "clue": "A financial seminar that presents new products or issues of securities to potential buyers."}}, {"pk": 168, "model": "buzzword.buzzword", "fields": {"genre": 3, "definition": "An investing strategy that consists of buying the 10 DJIA stocks with the highest dividend yield at the beginning of the year.", "word": "Dogs Of The Dow", "clue": "An investment strategy involving buying the 10 DJIA stocks with the highest dividend yield at the beginning of the year."}}, {"pk": 169, "model": "buzzword.buzzword", "fields": {"genre": 3, "definition": "The negative movement in the price of a security, sector or market.", "word": "Downside", "clue": "The negative movement in the price of a security, sector or market."}}, {"pk": 170, "model": "buzzword.buzzword", "fields": {"genre": 3, "definition": "The process of investing on an ongoing basis in a small but growing firm over a period of time.", "word": "Drip Feed", "clue": "Investing on an ongoing basis in a small but growing firm over a period of time."}}, {"pk": 171, "model": "buzzword.buzzword", "fields": {"genre": 3, "definition": "A provision in a contract or agreement that stipulates a finite deadline which, if not met, will automatically trigger adverse consequences.", "word": "Drop Dead Date", "clue": "A term in a contract that states a finite deadline which, if not met, will automatically trigger dire consequences."}}, {"pk": 172, "model": "buzzword.buzzword", "fields": {"genre": 3, "definition": "A business venture that ends up being a loss.", "word": "Dry Hole", "clue": "An unsuccessful business venture that makes a loss."}}, {"pk": 173, "model": "buzzword.buzzword", "fields": {"genre": 3, "definition": "A term referring to marketable securities that are highly liquid and considered cash-like.", "word": "Dry Powder", "clue": "Marketable securities that are highly liquid and considered as cash."}}, {"pk": 174, "model": "buzzword.buzzword", "fields": {"genre": 3, "definition": "An entity that holds shares in a public company on behalf of an individual or firm, the latter being the real or true owner of these shares.", "word": "Dummy Shareholder", "clue": "Someone who holds shares in a public company on behalf of an individual who is the true owner of the shares."}}, {"pk": 175, "model": "buzzword.buzzword", "fields": {"genre": 3, "definition": "An adage that, referring to the risk/return trade-off, says that the type of security an investor chooses depends on whether he or she wants to eat well or sleep well.", "word": "Eat Well, Sleep Well", "clue": "A trader may not do much of this dependent on the risk/ return trade-off of his investments."}}, {"pk": 176, "model": "buzzword.buzzword", "fields": {"genre": 3, "definition": "Large institutions that have the funds to make high volumes trades.", "word": "Elephants", "clue": "Large institutions with enough funds to make high volume trades."}}, {"pk": 177, "model": "buzzword.buzzword", "fields": {"genre": 3, "definition": "A revolving credit arrangement in which the borrower periodically renews the debt financing rather than having the debt reach maturity.", "word": "Evergreen Funding", "clue": "A revolving credit arrangement in which a borrower renews debt financing periodically rather than allowing the debt to reach maturity."}}, {"pk": 178, "model": "buzzword.buzzword", "fields": {"genre": 3, "definition": "Investing in companies or projects that promote fair trade with producers in developing nations.", "word": "Fair Trade Investing", "clue": "Investing in companies or projects that make the world a better place to be."}}, {"pk": 179, "model": "buzzword.buzzword", "fields": {"genre": 3, "definition": "A phrase for a security or industry in which the current price or value has dropped significantly in a short period of time.", "word": "Falling Knife", "clue": "When the current value of an industry drops significantly in a short period of time."}}, {"pk": 180, "model": "buzzword.buzzword", "fields": {"genre": 3, "definition": "An additional letter added onto four-letter ticker symbols to signify to market participants that there is additional information about a specific company's stock.", "word": "Fifth-Letter Identifier", "clue": "An extra letter added onto a company's four letter ticker symbol to signify that there's additional information available."}}, {"pk": 181, "model": "buzzword.buzzword", "fields": {"genre": 3, "definition": "The action of placing a trade or trades that go against the ticker tape.", "word": "Fighting The Tape", "clue": "Placing a trade against the ticker tape."}}, {"pk": 182, "model": "buzzword.buzzword", "fields": {"genre": 3, "definition": "An accounting buzzword that describe when companies still have inventory on hand that is not being sold due to inattention or obsolescence.", "word": "First In, Still Here - FISH", "clue": "When companies still have inventory that's not being sold."}}, {"pk": 183, "model": "buzzword.buzzword", "fields": {"genre": 3, "definition": "The action of investors moving their capital away from riskier investments to the safest possible investment vehicles.", "word": "Flight to Quality", "clue": "Investors moving risky investments to the safest investment vehicles as security."}}, {"pk": 184, "model": "buzzword.buzzword", "fields": {"genre": 3, "definition": "A term indicating the last-minute infusion of cash into a company about to go bankrupt.", "word": "Foam the Runway", "clue": "A last minute cash-injection into a company about to go bust."}}, {"pk": 185, "model": "buzzword.buzzword", "fields": {"genre": 3, "definition": "A slang term for the Financial Times Actuaries 100 index (FTSE 100).", "word": "Footsie - FTSE 100", "clue": "The Financial Times Actuaries 100 index."}}, {"pk": 186, "model": "buzzword.buzzword", "fields": {"genre": 3, "definition": "A pattern of economic growth where periods of rapid expansion are followed by periods of slow growth.", "word": "Fox-Trot Economy", "clue": "A difficult to follow pattern of growth in which rapid expansion is followed by slow growth."}}, {"pk": 187, "model": "buzzword.buzzword", "fields": {"genre": 3, "definition": "The unethical practice of a broker trading an equity based on information from the analyst department before his or her clients have been given the information.", "word": "Front Running", "clue": "The practice of a broker trading equity based on information provided by analysts before his clients have given permission."}}, {"pk": 188, "model": "buzzword.buzzword", "fields": {"genre": 3, "definition": "An investor who attends the annual shareholders meeting to criticize the corporation's executives.", "word": "Gadfly", "clue": "An investor who attends shareholder meetings to point out faults with the corporation's executives."}}, {"pk": 189, "model": "buzzword.buzzword", "fields": {"genre": 3, "definition": "A high-growth company that is increasing its revenues by at least 20% annually for four years or more, starting from a revenue base of at least $1 million.", "word": "Gazelle Company", "clue": "A high-growth company."}}, {"pk": 190, "model": "buzzword.buzzword", "fields": {"genre": 3, "definition": "The practice of raising the price of a previously agreed-upon real estate transaction.", "word": "Gazump", "clue": "A cheeky practice originating from dodgy car salesmen who raised the price after a transaction had already been agreed."}}, {"pk": 191, "model": "buzzword.buzzword", "fields": {"genre": 3, "definition": "An illegal practice whereby two or more market makers collectively attempt to influence and change the price of a stock.", "word": "Ghosting", "clue": "A strictly illegal practice where two market makers join forces to influence and change the price of stock."}}, {"pk": 192, "model": "buzzword.buzzword", "fields": {"genre": 3, "definition": "An irrefutable takeover offer made to a target company by an acquiring company.", "word": "Godfather Offer", "clue": "\"I'm gonna make him an offer he just can't refuse.\""}}, {"pk": 193, "model": "buzzword.buzzword", "fields": {"genre": 3, "definition": "A source of lots of money, such as shoppers who are expected to spend a lot or high-income earners who are expected to pay a lot in taxes.", "word": "Golden Geese", "clue": "Close cousin of the cash cow, these shoppers sure know how to spend, spend and spend."}}, {"pk": 194, "model": "buzzword.buzzword", "fields": {"genre": 3, "definition": "A type of share that gives its shareholder veto power over changes to the company's charter.", "word": "Golden Share", "clue": "A type of share with special privileges - shareholders veto power over changes to the company's charter."}}, {"pk": 195, "model": "buzzword.buzzword", "fields": {"genre": 3, "definition": "An economy that is not so hot that it causes inflation, and not so cold that it causes a recession.", "word": "Goldilocks Economy", "clue": "A well balanced economy - not hot enough to cause inflation but not cold enough to cause a recession."}}, {"pk": 196, "model": "buzzword.buzzword", "fields": {"genre": 3, "definition": "A term used to describe signs of economic recovery or positive data during an economic downturn.", "word": "Green Shoots", "clue": "Very good news - signs of economic recovery during an economic downturn."}}, {"pk": 197, "model": "buzzword.buzzword", "fields": {"genre": 4, "definition": "content that provides a game-like experience, usually through an entertainment and reward system.", "word": "Gamification", "clue": "Turning content into a game-like experience, through entertainment and rewards."}}, {"pk": 198, "model": "buzzword.buzzword", "fields": {"genre": 4, "definition": "anything about a website or content that encourages a visitor to linger longer.", "word": "Stickiness", "clue": "Anything that encourages website visitors to stay a little bit longer."}}, {"pk": 199, "model": "buzzword.buzzword", "fields": {"genre": 4, "definition": "When a technology is overtaken in the market by inferior but better marketed competition.", "word": "Betamaxed", "clue": "When an inferior technical product is better marketed and blasts the competition out of the water."}}, {"pk": 200, "model": "buzzword.buzzword", "fields": {"genre": 4, "definition": "Software that has more features, buttons and capability than you'll ever need.", "word": "Bloatware", "clue": "Software that has more features, buttons and shiny things than you'll ever need."}}, {"pk": 201, "model": "buzzword.buzzword", "fields": {"genre": 4, "definition": "A mixture of a smartphone and tablet.", "word": "Phablets", "clue": "What happened after a tequila fuelled night of passion between a smartphone and a tablet..."}}, {"pk": 202, "model": "buzzword.buzzword", "fields": {"genre": 4, "definition": "A process used by companies to turn raw data into useful information.", "word": "Data Mining", "clue": "The process that turns the rough diamond of raw data into shiny, useful information."}}, {"pk": 203, "model": "buzzword.buzzword", "fields": {"genre": 4, "definition": "One yottabyte (abbreviated \"YB\") is equal to 1,000 zettabytes and is the largest SI unit of measurement used for measuring data.", "word": "Yottabyte", "clue": "Techie speak for a WHOLE lorry load of data."}}, {"pk": 204, "model": "buzzword.buzzword", "fields": {"genre": 4, "definition": "a software bug that seems to disappear or alter its behavior when one attempts to study it.", "word": "Heisenbug", "clue": "More erratic than its quantum physics namesake, this shifty software bug seems to vanish or change\u00a0when you try to study it."}}, {"pk": 205, "model": "buzzword.buzzword", "fields": {"genre": 4, "definition": "removing redundant data from a system.", "word": "De-duping", "clue": "removing redundant data from a system."}}, {"pk": 206, "model": "buzzword.buzzword", "fields": {"genre": 4, "definition": "web sites that use technology beyond the static pages of earlier web sites.", "word": "Web 2.0", "clue": "Static, vintage pages from the dark age of web tech: powered by newer technology beyond them."}}, {"pk": 207, "model": "buzzword.buzzword", "fields": {"genre": 4, "definition": "means you\u2019re too cheap to spend the money to buy a big enough computer system to handle all your business needs.", "word": "Data mart", "clue": "The tight wad who won't buy a computer system big enough to handle their business needs."}}, {"pk": 208, "model": "buzzword.buzzword", "fields": {"genre": 4, "definition": "The trail of digital information you leave behind every time you use a credit card, send an e-mail, browse the Web or use a cell phone.", "word": "Data shadow", "clue": "It's behind you... your own personal trail of digital information; left behind each time you use a credit card, make a cell phone call, browse the web or send an email."}}, {"pk": 209, "model": "buzzword.buzzword", "fields": {"genre": 4, "definition": "To be overwhelmed with too much information (eg. A google search that turns up six million references)", "word": "Data smog", "clue": "Spring-cleaning redundant data out of a system."}}, {"pk": 210, "model": "buzzword.buzzword", "fields": {"genre": 4, "definition": "The result of being so overwhelmed by the availability, speed and volume of digital information that you can\u2019t remember any of it (or where you might have put it on your hard drive).", "word": "Digital amnesia", "clue": "Being so overwhelmed with fast, plentiful data that you can't remember it - or where it is on your hard drive."}}, {"pk": 211, "model": "buzzword.buzzword", "fields": {"genre": 4, "definition": "A type of business model, or segment of a larger business model, that enables a firm or individual to conduct business over an electronic network, typically the internet.", "word": "Ecommerce", "clue": "A type of business model, or segment of one, that lets a company do business over networks like the internet."}}, {"pk": 212, "model": "buzzword.buzzword", "fields": {"genre": 4, "definition": "The sale of goods and services through the Internet.", "word": "E-Tailing", "clue": "Selling online."}}, {"pk": 213, "model": "buzzword.buzzword", "fields": {"genre": 4, "definition": "Technology that is considered environmentally friendly based on its production process or supply chain.", "word": "Green Tech", "clue": "Technology that's environmentally friendly from the word go - all the way through its supply chain and production process."}}, {"pk": 214, "model": "buzzword.buzzword", "fields": {"genre": 5, "definition": "an essential shift from way one of thinking to another", "word": "Paradigm shift", "clue": "Sadly not an office disco dance move - yet. This term describes a shift from one way of thinking to another."}}, {"pk": 215, "model": "buzzword.buzzword", "fields": {"genre": 5, "definition": "businesses that have physical (rather than online or virtual) presences", "word": "Brick-and-mortar", "clue": "Present physically in the business world, instead of online."}}, {"pk": 216, "model": "buzzword.buzzword", "fields": {"genre": 5, "definition": "Technology that is acquired almost immediately after its release, regardless of the increased cost or risk involved", "word": "Bleeding Edge Technology", "clue": "Technology acquired as soon as it's released - regardless of gory risks or cost increases for the buyers."}}, {"pk": 217, "model": "buzzword.buzzword", "fields": {"genre": 5, "definition": "A traditional company that managed to successfully integrate the Internet into its existing channels.", "word": "Clicks and Mortar", "clue": "A traditional company, with physical stores, that successfully incorporates Internet into its channels."}}, {"pk": 218, "model": "buzzword.buzzword", "fields": {"genre": 5, "definition": "A role that replaces traditional marketing roles in fast-growing businesses.", "word": "Growth hacker", "clue": "A marketing role for trendy technie types.  Circa 2013."}}, {"pk": 219, "model": "buzzword.buzzword", "fields": {"genre": 5, "definition": "Used for companies when they're 'changing direction' rather than indicating a mistake or something similarly negative.", "word": "Pivot", "clue": "A positive spin tech companies use to indicate 'changing direction'.  Not that they got it wrong.  Honest."}}, {"pk": 220, "model": "buzzword.buzzword", "fields": {"genre": 5, "definition": "Corporate obesity. When companies become too big. \"They become fat and complacent. They get lazy, lose their creativity and are no longer able to move quickly in the marketplace.\"", "word": "Corbesity", "clue": "When companies eat all the pies, leaving them bloated, immobile and unable to act quickly against the competition."}}, {"pk": 221, "model": "buzzword.buzzword", "fields": {"genre": 5, "definition": "The failure of a company or industry to accept that the Internet has changed the world and made their business model obsolete", "word": "Digital denial", "clue": "Belligerent denial that the Internet has changed the world and refusal to adapt or accept change."}}, {"pk": 222, "model": "buzzword.buzzword", "fields": {"genre": 5, "definition": "A fuel derived from organic oils, such as vegetable oil, rather than petroleum.", "word": "Biodiesel", "clue": "A fuel derived from organic oils, such as vegetable oil, rather than petroleum."}}, {"pk": 223, "model": "buzzword.buzzword", "fields": {"genre": 5, "definition": "A company that embraces the internet as the key component in its business.", "word": "Dotcom", "clue": "The 1990s movement that pioneered the digital revolution."}}, {"pk": 224, "model": "buzzword.buzzword", "fields": {"genre": 5, "definition": "A form of competitive advantage that a company earns by being the first to enter a specific market or industry.", "word": "First Mover", "clue": "A company earns this competitive adventage by being the first to enter a specific market or industry."}}, {"pk": 225, "model": "buzzword.buzzword", "fields": {"genre": 5, "definition": "A company that alters its business strategy and conceives an entirely new business plan.", "word": "Game Changer", "clue": "A company that alters its business strategy and in doing so, conceives an entirely new business plan."}}, {"pk": 226, "model": "buzzword.buzzword", "fields": {"genre": 6, "definition": "the use of emergent social software platforms within companies, or between companies and their partners or customers", "word": "Enterprise 2.0", "clue": "The use of social media in business: both b2b, and b2c. We like it."}}, {"pk": 227, "model": "buzzword.buzzword", "fields": {"genre": 6, "definition": "an idea, behavior, or style that spreads from person to person within a culture.", "word": "Meme", "clue": "One idea, theme, behaviour or style that spreads from person to person; getting copied with lots of individual twists. Now, do the Harlem Shake..."}}, {"pk": 228, "model": "buzzword.buzzword", "fields": {"genre": 6, "definition": "short blog posts (twitter)", "word": "Microblogging", "clue": "The art of teensy blog posts with a character limit - think Twitter."}}, {"pk": 229, "model": "buzzword.buzzword", "fields": {"genre": 6, "definition": "An organized index page that collects a website\u2019s posts from the past.", "word": "Archives", "clue": "A neat index page that holds they key to a website's past - organising all of its historic posts, to browse through."}}, {"pk": 230, "model": "buzzword.buzzword", "fields": {"genre": 6, "definition": "the descriptive words that describe a piece of media.", "word": "Keywords", "clue": "Words that best describe a piece of media - often used to identify it in an internet or database\u00a0search."}}, {"pk": 231, "model": "buzzword.buzzword", "fields": {"genre": 6, "definition": "an acronym for Really Simple Syndication. This XML based format has become the preferred standard for syndicating content across the web.", "word": "RSS", "clue": "Rich Site Summary - later dubbed Really Simple Syndication - this style of web feed is the preferred way to send out lots of regular updates: blogs and news feeds, for example."}}, {"pk": 232, "model": "buzzword.buzzword", "fields": {"genre": 6, "definition": "a diagram of the interconnections between people, with the people serving as nodes, and the lines between them showing the connections.", "word": "Social Graph", "clue": "A diagram of the social connections between people: looks like what would happen if your social network was a giant, tangled constellation."}}, {"pk": 233, "model": "buzzword.buzzword", "fields": {"genre": 6, "definition": "Generating publicity through social media to increase awareness of a product, brand or event", "word": "Social media optimization (SMO)", "clue": "Making the most of Facebook, Twitter, Pinterest, Instagram to promote a brand or product."}}, {"pk": 234, "model": "buzzword.buzzword", "fields": {"genre": 6, "definition": "the social universe created by online individuals using web log publishing platforms.", "word": "Blogosphere", "clue": "The online universe of self-publishing fanatics known as 'bloggers'."}}, {"pk": 235, "model": "buzzword.buzzword", "fields": {"genre": 6, "definition": "A web-based tool that collects and delivers syndicated content.", "word": "Aggregator", "clue": "Like a futuristic postman: an online tool that collects and delivers syndicated content."}}, {"pk": 236, "model": "buzzword.buzzword", "fields": {"genre": 6, "definition": "Dynamic content is content that is constantly changing.", "word": "Dynamic Content", "clue": "Content that's constantly evolving."}}, {"pk": 237, "model": "buzzword.buzzword", "fields": {"genre": 6, "definition": "an audio program in a compressed digital format, which is deigned to be listened to over the web.", "word": "Podcast", "clue": "Audio program, compressed digitally to be heard or downloaded over the web."}}, {"pk": 238, "model": "buzzword.buzzword", "fields": {"genre": 7, "definition": "a software distribution model in which applications are hosted by a vendor or service provider and made available to customers over a network.", "word": "Software as a Service (SaaS)", "clue": "When apps are hosted by\u00a0a vendor, then made available to lots of customers over a network."}}, {"pk": 239, "model": "buzzword.buzzword", "fields": {"genre": 7, "definition": "a paradigm for delivering operating systems and associated services over the Internet without downloads or installation", "word": "Platform as a Service (PaaS)", "clue": "When platforms and operating systems are made available online - without the need for downloads and installing."}}, {"pk": 240, "model": "buzzword.buzzword", "fields": {"genre": 7, "definition": "a cloud computing environment in which an organization provides and manages some resources in-house and has others provided externally.", "word": "Hybrid cloud", "clue": "In-house and external resources being fused\u00a0in\u00a0a company's\u00a0cloud computing environment."}}, {"pk": 241, "model": "buzzword.buzzword", "fields": {"genre": 7, "definition": "this is a marketing term for a proprietary computing architecture that provides hosted services to a limited number of people behind a firewall.", "word": "Private cloud", "clue": "Marketing-speak for privately-hosted services, to a set number of people behind a firewall."}}, {"pk": 242, "model": "buzzword.buzzword", "fields": {"genre": 7, "definition": "a term for using the Internet to store applications and data so it can be accessed remotely.", "word": "Cloud", "clue": "Omnipotent, omnipresent, and omniscient, it can't be seen yet it holds everything, everywhere."}}, {"pk": 243, "model": "buzzword.buzzword", "fields": {"genre": 7, "definition": "a method of building interactive applications for the Web that process user requests immediately.", "word": "Ajax (Asynchronous JavaScript and XML)", "clue": "A method of building interactive apps that allows users to play with them immediately."}}, {"pk": 244, "model": "buzzword.buzzword", "fields": {"genre": 7, "definition": "This is a software program that lets users map data from one application to another.", "word": "Integration connector", "clue": "Tech speak for software that lets applications share data."}}, {"pk": 245, "model": "buzzword.buzzword", "fields": {"genre": 7, "definition": "This term means that multiple companies are using a single, remotely hosted database.", "word": "Multi-tenancy", "clue": "Multiple companies sharing a single, remotely hosted database."}}, {"pk": 246, "model": "buzzword.buzzword", "fields": {"genre": 7, "definition": "A public cloud is one based on the standard cloud computing model, in which a service provider makes resources, such as applications and storage, available to the general public over the Internet", "word": "Public cloud", "clue": "Applications, storage and other resources made available to the public through the Internet."}}, {"pk": 1, "model": "buzzword.challengebuzzword", "fields": {"incorrect1": 76, "challenge": 1, "buzzword": 83, "incorrect2": 58, "incorrect3": 89}}, {"pk": 2, "model": "buzzword.challengebuzzword", "fields": {"incorrect1": 80, "challenge": 1, "buzzword": 76, "incorrect2": 57, "incorrect3": 79}}, {"pk": 3, "model": "buzzword.challengebuzzword", "fields": {"incorrect1": 77, "challenge": 1, "buzzword": 82, "incorrect2": 83, "incorrect3": 62}}, {"pk": 4, "model": "buzzword.challengebuzzword", "fields": {"incorrect1": 71, "challenge": 1, "buzzword": 68, "incorrect2": 64, "incorrect3": 77}}, {"pk": 5, "model": "buzzword.challengebuzzword", "fields": {"incorrect1": 87, "challenge": 1, "buzzword": 85, "incorrect2": 84, "incorrect3": 77}}, {"pk": 6, "model": "buzzword.challengebuzzword", "fields": {"incorrect1": 57, "challenge": 1, "buzzword": 90, "incorrect2": 55, "incorrect3": 62}}, {"pk": 7, "model": "buzzword.challengebuzzword", "fields": {"incorrect1": 68, "challenge": 1, "buzzword": 66, "incorrect2": 71, "incorrect3": 85}}, {"pk": 8, "model": "buzzword.challengebuzzword", "fields": {"incorrect1": 83, "challenge": 1, "buzzword": 87, "incorrect2": 79, "incorrect3": 89}}, {"pk": 9, "model": "buzzword.challengebuzzword", "fields": {"incorrect1": 90, "challenge": 1, "buzzword": 86, "incorrect2": 57, "incorrect3": 84}}, {"pk": 10, "model": "buzzword.challengebuzzword", "fields": {"incorrect1": 61, "challenge": 1, "buzzword": 77, "incorrect2": 87, "incorrect3": 74}}, {"pk": 11, "model": "buzzword.challengebuzzword", "fields": {"incorrect1": 32, "challenge": 2, "buzzword": 5, "incorrect2": 4, "incorrect3": 22}}, {"pk": 12, "model": "buzzword.challengebuzzword", "fields": {"incorrect1": 3, "challenge": 2, "buzzword": 1, "incorrect2": 18, "incorrect3": 13}}, {"pk": 13, "model": "buzzword.challengebuzzword", "fields": {"incorrect1": 38, "challenge": 2, "buzzword": 49, "incorrect2": 6, "incorrect3": 15}}, {"pk": 14, "model": "buzzword.challengebuzzword", "fields": {"incorrect1": 7, "challenge": 2, "buzzword": 11, "incorrect2": 37, "incorrect3": 33}}, {"pk": 15, "model": "buzzword.challengebuzzword", "fields": {"incorrect1": 9, "challenge": 2, "buzzword": 35, "incorrect2": 51, "incorrect3": 46}}, {"pk": 16, "model": "buzzword.challengebuzzword", "fields": {"incorrect1": 45, "challenge": 2, "buzzword": 28, "incorrect2": 23, "incorrect3": 11}}, {"pk": 17, "model": "buzzword.challengebuzzword", "fields": {"incorrect1": 49, "challenge": 2, "buzzword": 2, "incorrect2": 44, "incorrect3": 10}}, {"pk": 18, "model": "buzzword.challengebuzzword", "fields": {"incorrect1": 3, "challenge": 2, "buzzword": 52, "incorrect2": 48, "incorrect3": 25}}, {"pk": 19, "model": "buzzword.challengebuzzword", "fields": {"incorrect1": 23, "challenge": 2, "buzzword": 19, "incorrect2": 3, "incorrect3": 26}}, {"pk": 20, "model": "buzzword.challengebuzzword", "fields": {"incorrect1": 24, "challenge": 2, "buzzword": 46, "incorrect2": 32, "incorrect3": 13}}, {"pk": 21, "model": "buzzword.challengebuzzword", "fields": {"incorrect1": 232, "challenge": 3, "buzzword": 233, "incorrect2": 228, "incorrect3": 235}}, {"pk": 22, "model": "buzzword.challengebuzzword", "fields": {"incorrect1": 231, "challenge": 3, "buzzword": 234, "incorrect2": 237, "incorrect3": 236}}, {"pk": 23, "model": "buzzword.challengebuzzword", "fields": {"incorrect1": 237, "challenge": 3, "buzzword": 228, "incorrect2": 227, "incorrect3": 231}}, {"pk": 24, "model": "buzzword.challengebuzzword", "fields": {"incorrect1": 232, "challenge": 3, "buzzword": 227, "incorrect2": 236, "incorrect3": 234}}, {"pk": 25, "model": "buzzword.challengebuzzword", "fields": {"incorrect1": 231, "challenge": 3, "buzzword": 229, "incorrect2": 227, "incorrect3": 234}}, {"pk": 26, "model": "buzzword.challengebuzzword", "fields": {"incorrect1": 232, "challenge": 3, "buzzword": 237, "incorrect2": 233, "incorrect3": 228}}, {"pk": 27, "model": "buzzword.challengebuzzword", "fields": {"incorrect1": 227, "challenge": 3, "buzzword": 235, "incorrect2": 226, "incorrect3": 234}}, {"pk": 28, "model": "buzzword.challengebuzzword", "fields": {"incorrect1": 226, "challenge": 3, "buzzword": 232, "incorrect2": 237, "incorrect3": 233}}, {"pk": 29, "model": "buzzword.challengebuzzword", "fields": {"incorrect1": 229, "challenge": 3, "buzzword": 226, "incorrect2": 237, "incorrect3": 234}}, {"pk": 30, "model": "buzzword.challengebuzzword", "fields": {"incorrect1": 226, "challenge": 3, "buzzword": 230, "incorrect2": 233, "incorrect3": 232}}, {"pk": 31, "model": "buzzword.challengebuzzword", "fields": {"incorrect1": 87, "challenge": 4, "buzzword": 72, "incorrect2": 88, "incorrect3": 57}}, {"pk": 32, "model": "buzzword.challengebuzzword", "fields": {"incorrect1": 78, "challenge": 4, "buzzword": 58, "incorrect2": 81, "incorrect3": 88}}, {"pk": 33, "model": "buzzword.challengebuzzword", "fields": {"incorrect1": 65, "challenge": 4, "buzzword": 69, "incorrect2": 87, "incorrect3": 84}}, {"pk": 34, "model": "buzzword.challengebuzzword", "fields": {"incorrect1": 87, "challenge": 4, "buzzword": 78, "incorrect2": 67, "incorrect3": 83}}, {"pk": 35, "model": "buzzword.challengebuzzword", "fields": {"incorrect1": 83, "challenge": 4, "buzzword": 85, "incorrect2": 70, "incorrect3": 84}}, {"pk": 36, "model": "buzzword.challengebuzzword", "fields": {"incorrect1": 73, "challenge": 4, "buzzword": 84, "incorrect2": 67, "incorrect3": 76}}, {"pk": 37, "model": "buzzword.challengebuzzword", "fields": {"incorrect1": 82, "challenge": 4, "buzzword": 70, "incorrect2": 58, "incorrect3": 75}}, {"pk": 38, "model": "buzzword.challengebuzzword", "fields": {"incorrect1": 73, "challenge": 4, "buzzword": 83, "incorrect2": 58, "incorrect3": 90}}, {"pk": 39, "model": "buzzword.challengebuzzword", "fields": {"incorrect1": 85, "challenge": 4, "buzzword": 59, "incorrect2": 61, "incorrect3": 56}}, {"pk": 40, "model": "buzzword.challengebuzzword", "fields": {"incorrect1": 77, "challenge": 4, "buzzword": 74, "incorrect2": 73, "incorrect3": 90}}, {"pk": 41, "model": "buzzword.challengebuzzword", "fields": {"incorrect1": 57, "challenge": 5, "buzzword": 64, "incorrect2": 88, "incorrect3": 77}}, {"pk": 42, "model": "buzzword.challengebuzzword", "fields": {"incorrect1": 64, "challenge": 5, "buzzword": 89, "incorrect2": 81, "incorrect3": 85}}, {"pk": 43, "model": "buzzword.challengebuzzword", "fields": {"incorrect1": 71, "challenge": 5, "buzzword": 63, "incorrect2": 56, "incorrect3": 90}}, {"pk": 44, "model": "buzzword.challengebuzzword", "fields": {"incorrect1": 79, "challenge": 5, "buzzword": 60, "incorrect2": 56, "incorrect3": 65}}, {"pk": 45, "model": "buzzword.challengebuzzword", "fields": {"incorrect1": 77, "challenge": 5, "buzzword": 84, "incorrect2": 81, "incorrect3": 73}}, {"pk": 46, "model": "buzzword.challengebuzzword", "fields": {"incorrect1": 72, "challenge": 5, "buzzword": 87, "incorrect2": 77, "incorrect3": 58}}, {"pk": 47, "model": "buzzword.challengebuzzword", "fields": {"incorrect1": 89, "challenge": 5, "buzzword": 81, "incorrect2": 55, "incorrect3": 69}}, {"pk": 48, "model": "buzzword.challengebuzzword", "fields": {"incorrect1": 63, "challenge": 5, "buzzword": 90, "incorrect2": 55, "incorrect3": 85}}, {"pk": 49, "model": "buzzword.challengebuzzword", "fields": {"incorrect1": 68, "challenge": 5, "buzzword": 73, "incorrect2": 74, "incorrect3": 62}}, {"pk": 50, "model": "buzzword.challengebuzzword", "fields": {"incorrect1": 88, "challenge": 5, "buzzword": 56, "incorrect2": 80, "incorrect3": 67}}, {"pk": 51, "model": "buzzword.challengebuzzword", "fields": {"incorrect1": 142, "challenge": 6, "buzzword": 118, "incorrect2": 137, "incorrect3": 188}}, {"pk": 52, "model": "buzzword.challengebuzzword", "fields": {"incorrect1": 176, "challenge": 6, "buzzword": 191, "incorrect2": 167, "incorrect3": 119}}, {"pk": 53, "model": "buzzword.challengebuzzword", "fields": {"incorrect1": 157, "challenge": 6, "buzzword": 142, "incorrect2": 153, "incorrect3": 172}}, {"pk": 54, "model": "buzzword.challengebuzzword", "fields": {"incorrect1": 177, "challenge": 6, "buzzword": 185, "incorrect2": 138, "incorrect3": 147}}, {"pk": 55, "model": "buzzword.challengebuzzword", "fields": {"incorrect1": 107, "challenge": 6, "buzzword": 120, "incorrect2": 100, "incorrect3": 124}}, {"pk": 56, "model": "buzzword.challengebuzzword", "fields": {"incorrect1": 99, "challenge": 6, "buzzword": 195, "incorrect2": 106, "incorrect3": 135}}, {"pk": 57, "model": "buzzword.challengebuzzword", "fields": {"incorrect1": 188, "challenge": 6, "buzzword": 194, "incorrect2": 173, "incorrect3": 140}}, {"pk": 58, "model": "buzzword.challengebuzzword", "fields": {"incorrect1": 156, "challenge": 6, "buzzword": 125, "incorrect2": 194, "incorrect3": 117}}, {"pk": 59, "model": "buzzword.challengebuzzword", "fields": {"incorrect1": 185, "challenge": 6, "buzzword": 109, "incorrect2": 141, "incorrect3": 99}}, {"pk": 60, "model": "buzzword.challengebuzzword", "fields": {"incorrect1": 184, "challenge": 6, "buzzword": 147, "incorrect2": 180, "incorrect3": 119}}, {"pk": 61, "model": "buzzword.challengebuzzword", "fields": {"incorrect1": 241, "challenge": 7, "buzzword": 246, "incorrect2": 238, "incorrect3": 245}}, {"pk": 62, "model": "buzzword.challengebuzzword", "fields": {"incorrect1": 245, "challenge": 7, "buzzword": 239, "incorrect2": 240, "incorrect3": 238}}, {"pk": 63, "model": "buzzword.challengebuzzword", "fields": {"incorrect1": 240, "challenge": 7, "buzzword": 241, "incorrect2": 245, "incorrect3": 242}}, {"pk": 64, "model": "buzzword.challengebuzzword", "fields": {"incorrect1": 246, "challenge": 7, "buzzword": 244, "incorrect2": 242, "incorrect3": 240}}, {"pk": 65, "model": "buzzword.challengebuzzword", "fields": {"incorrect1": 244, "challenge": 7, "buzzword": 243, "incorrect2": 239, "incorrect3": 240}}, {"pk": 66, "model": "buzzword.challengebuzzword", "fields": {"incorrect1": 244, "challenge": 7, "buzzword": 242, "incorrect2": 241, "incorrect3": 238}}, {"pk": 67, "model": "buzzword.challengebuzzword", "fields": {"incorrect1": 239, "challenge": 7, "buzzword": 238, "incorrect2": 244, "incorrect3": 245}}, {"pk": 68, "model": "buzzword.challengebuzzword", "fields": {"incorrect1": 244, "challenge": 7, "buzzword": 240, "incorrect2": 246, "incorrect3": 242}}, {"pk": 69, "model": "buzzword.challengebuzzword", "fields": {"incorrect1": 242, "challenge": 7, "buzzword": 245, "incorrect2": 246, "incorrect3": 241}}, {"pk": 70, "model": "buzzword.challengebuzzword", "fields": {"incorrect1": 235, "challenge": 8, "buzzword": 231, "incorrect2": 236, "incorrect3": 229}}, {"pk": 71, "model": "buzzword.challengebuzzword", "fields": {"incorrect1": 233, "challenge": 8, "buzzword": 229, "incorrect2": 226, "incorrect3": 227}}, {"pk": 72, "model": "buzzword.challengebuzzword", "fields": {"incorrect1": 237, "challenge": 8, "buzzword": 234, "incorrect2": 231, "incorrect3": 229}}, {"pk": 73, "model": "buzzword.challengebuzzword", "fields": {"incorrect1": 232, "challenge": 8, "buzzword": 235, "incorrect2": 226, "incorrect3": 227}}, {"pk": 74, "model": "buzzword.challengebuzzword", "fields": {"incorrect1": 237, "challenge": 8, "buzzword": 228, "incorrect2": 233, "incorrect3": 227}}, {"pk": 75, "model": "buzzword.challengebuzzword", "fields": {"incorrect1": 231, "challenge": 8, "buzzword": 227, "incorrect2": 235, "incorrect3": 233}}, {"pk": 76, "model": "buzzword.challengebuzzword", "fields": {"incorrect1": 234, "challenge": 8, "buzzword": 237, "incorrect2": 235, "incorrect3": 230}}, {"pk": 77, "model": "buzzword.challengebuzzword", "fields": {"incorrect1": 228, "challenge": 8, "buzzword": 232, "incorrect2": 229, "incorrect3": 236}}, {"pk": 78, "model": "buzzword.challengebuzzword", "fields": {"incorrect1": 233, "challenge": 8, "buzzword": 236, "incorrect2": 230, "incorrect3": 228}}, {"pk": 79, "model": "buzzword.challengebuzzword", "fields": {"incorrect1": 231, "challenge": 8, "buzzword": 226, "incorrect2": 229, "incorrect3": 230}}, {"pk": 80, "model": "buzzword.challengebuzzword", "fields": {"incorrect1": 29, "challenge": 9, "buzzword": 18, "incorrect2": 16, "incorrect3": 33}}, {"pk": 81, "model": "buzzword.challengebuzzword", "fields": {"incorrect1": 22, "challenge": 9, "buzzword": 13, "incorrect2": 38, "incorrect3": 9}}, {"pk": 82, "model": "buzzword.challengebuzzword", "fields": {"incorrect1": 15, "challenge": 9, "buzzword": 44, "incorrect2": 39, "incorrect3": 40}}, {"pk": 83, "model": "buzzword.challengebuzzword", "fields": {"incorrect1": 54, "challenge": 9, "buzzword": 26, "incorrect2": 42, "incorrect3": 50}}, {"pk": 84, "model": "buzzword.challengebuzzword", "fields": {"incorrect1": 11, "challenge": 9, "buzzword": 41, "incorrect2": 19, "incorrect3": 25}}, {"pk": 85, "model": "buzzword.challengebuzzword", "fields": {"incorrect1": 54, "challenge": 9, "buzzword": 1, "incorrect2": 24, "incorrect3": 19}}, {"pk": 86, "model": "buzzword.challengebuzzword", "fields": {"incorrect1": 53, "challenge": 9, "buzzword": 2, "incorrect2": 25, "incorrect3": 6}}, {"pk": 87, "model": "buzzword.challengebuzzword", "fields": {"incorrect1": 27, "challenge": 9, "buzzword": 54, "incorrect2": 41, "incorrect3": 50}}, {"pk": 88, "model": "buzzword.challengebuzzword", "fields": {"incorrect1": 24, "challenge": 9, "buzzword": 22, "incorrect2": 36, "incorrect3": 54}}, {"pk": 89, "model": "buzzword.challengebuzzword", "fields": {"incorrect1": 24, "challenge": 9, "buzzword": 28, "incorrect2": 22, "incorrect3": 26}}, {"pk": 90, "model": "buzzword.challengebuzzword", "fields": {"incorrect1": 235, "challenge": 10, "buzzword": 226, "incorrect2": 236, "incorrect3": 234}}, {"pk": 91, "model": "buzzword.challengebuzzword", "fields": {"incorrect1": 233, "challenge": 10, "buzzword": 230, "incorrect2": 237, "incorrect3": 235}}, {"pk": 92, "model": "buzzword.challengebuzzword", "fields": {"incorrect1": 231, "challenge": 10, "buzzword": 228, "incorrect2": 235, "incorrect3": 237}}, {"pk": 93, "model": "buzzword.challengebuzzword", "fields": {"incorrect1": 231, "challenge": 10, "buzzword": 234, "incorrect2": 229, "incorrect3": 237}}, {"pk": 94, "model": "buzzword.challengebuzzword", "fields": {"incorrect1": 230, "challenge": 10, "buzzword": 231, "incorrect2": 233, "incorrect3": 236}}, {"pk": 95, "model": "buzzword.challengebuzzword", "fields": {"incorrect1": 233, "challenge": 10, "buzzword": 227, "incorrect2": 236, "incorrect3": 230}}, {"pk": 96, "model": "buzzword.challengebuzzword", "fields": {"incorrect1": 237, "challenge": 10, "buzzword": 236, "incorrect2": 226, "incorrect3": 235}}, {"pk": 97, "model": "buzzword.challengebuzzword", "fields": {"incorrect1": 230, "challenge": 10, "buzzword": 237, "incorrect2": 236, "incorrect3": 235}}, {"pk": 98, "model": "buzzword.challengebuzzword", "fields": {"incorrect1": 232, "challenge": 10, "buzzword": 235, "incorrect2": 226, "incorrect3": 228}}, {"pk": 99, "model": "buzzword.challengebuzzword", "fields": {"incorrect1": 227, "challenge": 10, "buzzword": 233, "incorrect2": 237, "incorrect3": 229}}, {"pk": 1, "model": "contenttypes.contenttype", "fields": {"model": "userprofile", "name": "user profile", "app_label": "buzzword"}}, {"pk": 2, "model": "contenttypes.contenttype", "fields": {"model": "genre", "name": "genre", "app_label": "buzzword"}}, {"pk": 3, "model": "contenttypes.contenttype", "fields": {"model": "buzzword", "name": "buzzword", "app_label": "buzzword"}}, {"pk": 4, "model": "contenttypes.contenttype", "fields": {"model": "challenge", "name": "challenge", "app_label": "buzzword"}}, {"pk": 5, "model": "contenttypes.contenttype", "fields": {"model": "challengebuzzword", "name": "challenge buzzword", "app_label": "buzzword"}}, {"pk": 6, "model": "contenttypes.contenttype", "fields": {"model": "play", "name": "play", "app_label": "buzzword"}}, {"pk": 7, "model": "contenttypes.contenttype", "fields": {"model": "logentry", "name": "log entry", "app_label": "admin"}}, {"pk": 8, "model": "contenttypes.contenttype", "fields": {"model": "permission", "name": "permission", "app_label": "auth"}}, {"pk": 9, "model": "contenttypes.contenttype", "fields": {"model": "group", "name": "group", "app_label": "auth"}}, {"pk": 10, "model": "contenttypes.contenttype", "fields": {"model": "user", "name": "user", "app_label": "auth"}}, {"pk": 11, "model": "contenttypes.contenttype", "fields": {"model": "contenttype", "name": "content type", "app_label": "contenttypes"}}, {"pk": 12, "model": "contenttypes.contenttype", "fields": {"model": "session", "name": "session", "app_label": "sessions"}}, {"pk": 13, "model": "contenttypes.contenttype", "fields": {"model": "migrationhistory", "name": "migration history", "app_label": "south"}}, {"pk": 14, "model": "contenttypes.contenttype", "fields": {"model": "usersocialauth", "name": "user social auth", "app_label": "social_auth"}}, {"pk": 15, "model": "contenttypes.contenttype", "fields": {"model": "nonce", "name": "nonce", "app_label": "social_auth"}}, {"pk": 16, "model": "contenttypes.contenttype", "fields": {"model": "association", "name": "association", "app_label": "social_auth"}}, {"pk": 1, "model": "south.migrationhistory", "fields": {"applied": "2013-06-02T19:32:15.735", "app_name": "social_auth", "migration": "0001_initial"}}, {"pk": 2, "model": "south.migrationhistory", "fields": {"applied": "2013-06-02T19:32:15.762", "app_name": "social_auth", "migration": "0002_auto__add_unique_nonce_timestamp_salt_server_url__add_unique_associati"}}, {"pk": 1, "model": "auth.permission", "fields": {"codename": "add_userprofile", "name": "Can add user profile", "content_type": 1}}, {"pk": 2, "model": "auth.permission", "fields": {"codename": "change_userprofile", "name": "Can change user profile", "content_type": 1}}, {"pk": 3, "model": "auth.permission", "fields": {"codename": "delete_userprofile", "name": "Can delete user profile", "content_type": 1}}, {"pk": 4, "model": "auth.permission", "fields": {"codename": "add_genre", "name": "Can add genre", "content_type": 2}}, {"pk": 5, "model": "auth.permission", "fields": {"codename": "change_genre", "name": "Can change genre", "content_type": 2}}, {"pk": 6, "model": "auth.permission", "fields": {"codename": "delete_genre", "name": "Can delete genre", "content_type": 2}}, {"pk": 7, "model": "auth.permission", "fields": {"codename": "add_buzzword", "name": "Can add buzzword", "content_type": 3}}, {"pk": 8, "model": "auth.permission", "fields": {"codename": "change_buzzword", "name": "Can change buzzword", "content_type": 3}}, {"pk": 9, "model": "auth.permission", "fields": {"codename": "delete_buzzword", "name": "Can delete buzzword", "content_type": 3}}, {"pk": 10, "model": "auth.permission", "fields": {"codename": "add_challenge", "name": "Can add challenge", "content_type": 4}}, {"pk": 11, "model": "auth.permission", "fields": {"codename": "change_challenge", "name": "Can change challenge", "content_type": 4}}, {"pk": 12, "model": "auth.permission", "fields": {"codename": "delete_challenge", "name": "Can delete challenge", "content_type": 4}}, {"pk": 13, "model": "auth.permission", "fields": {"codename": "add_challengebuzzword", "name": "Can add challenge buzzword", "content_type": 5}}, {"pk": 14, "model": "auth.permission", "fields": {"codename": "change_challengebuzzword", "name": "Can change challenge buzzword", "content_type": 5}}, {"pk": 15, "model": "auth.permission", "fields": {"codename": "delete_challengebuzzword", "name": "Can delete challenge buzzword", "content_type": 5}}, {"pk": 16, "model": "auth.permission", "fields": {"codename": "add_play", "name": "Can add play", "content_type": 6}}, {"pk": 17, "model": "auth.permission", "fields": {"codename": "change_play", "name": "Can change play", "content_type": 6}}, {"pk": 18, "model": "auth.permission", "fields": {"codename": "delete_play", "name": "Can delete play", "content_type": 6}}, {"pk": 19, "model": "auth.permission", "fields": {"codename": "add_logentry", "name": "Can add log entry", "content_type": 7}}, {"pk": 20, "model": "auth.permission", "fields": {"codename": "change_logentry", "name": "Can change log entry", "content_type": 7}}, {"pk": 21, "model": "auth.permission", "fields": {"codename": "delete_logentry", "name": "Can delete log entry", "content_type": 7}}, {"pk": 22, "model": "auth.permission", "fields": {"codename": "add_permission", "name": "Can add permission", "content_type": 8}}, {"pk": 23, "model": "auth.permission", "fields": {"codename": "change_permission", "name": "Can change permission", "content_type": 8}}, {"pk": 24, "model": "auth.permission", "fields": {"codename": "delete_permission", "name": "Can delete permission", "content_type": 8}}, {"pk": 25, "model": "auth.permission", "fields": {"codename": "add_group", "name": "Can add group", "content_type": 9}}, {"pk": 26, "model": "auth.permission", "fields": {"codename": "change_group", "name": "Can change group", "content_type": 9}}, {"pk": 27, "model": "auth.permission", "fields": {"codename": "delete_group", "name": "Can delete group", "content_type": 9}}, {"pk": 28, "model": "auth.permission", "fields": {"codename": "add_user", "name": "Can add user", "content_type": 10}}, {"pk": 29, "model": "auth.permission", "fields": {"codename": "change_user", "name": "Can change user", "content_type": 10}}, {"pk": 30, "model": "auth.permission", "fields": {"codename": "delete_user", "name": "Can delete user", "content_type": 10}}, {"pk": 31, "model": "auth.permission", "fields": {"codename": "add_contenttype", "name": "Can add content type", "content_type": 11}}, {"pk": 32, "model": "auth.permission", "fields": {"codename": "change_contenttype", "name": "Can change content type", "content_type": 11}}, {"pk": 33, "model": "auth.permission", "fields": {"codename": "delete_contenttype", "name": "Can delete content type", "content_type": 11}}, {"pk": 34, "model": "auth.permission", "fields": {"codename": "add_session", "name": "Can add session", "content_type": 12}}, {"pk": 35, "model": "auth.permission", "fields": {"codename": "change_session", "name": "Can change session", "content_type": 12}}, {"pk": 36, "model": "auth.permission", "fields": {"codename": "delete_session", "name": "Can delete session", "content_type": 12}}, {"pk": 37, "model": "auth.permission", "fields": {"codename": "add_migrationhistory", "name": "Can add migration history", "content_type": 13}}, {"pk": 38, "model": "auth.permission", "fields": {"codename": "change_migrationhistory", "name": "Can change migration history", "content_type": 13}}, {"pk": 39, "model": "auth.permission", "fields": {"codename": "delete_migrationhistory", "name": "Can delete migration history", "content_type": 13}}, {"pk": 40, "model": "auth.permission", "fields": {"codename": "add_usersocialauth", "name": "Can add user social auth", "content_type": 14}}, {"pk": 41, "model": "auth.permission", "fields": {"codename": "change_usersocialauth", "name": "Can change user social auth", "content_type": 14}}, {"pk": 42, "model": "auth.permission", "fields": {"codename": "delete_usersocialauth", "name": "Can delete user social auth", "content_type": 14}}, {"pk": 43, "model": "auth.permission", "fields": {"codename": "add_nonce", "name": "Can add nonce", "content_type": 15}}, {"pk": 44, "model": "auth.permission", "fields": {"codename": "change_nonce", "name": "Can change nonce", "content_type": 15}}, {"pk": 45, "model": "auth.permission", "fields": {"codename": "delete_nonce", "name": "Can delete nonce", "content_type": 15}}, {"pk": 46, "model": "auth.permission", "fields": {"codename": "add_association", "name": "Can add association", "content_type": 16}}, {"pk": 47, "model": "auth.permission", "fields": {"codename": "change_association", "name": "Can change association", "content_type": 16}}, {"pk": 48, "model": "auth.permission", "fields": {"codename": "delete_association", "name": "Can delete association", "content_type": 16}}, {"pk": 1, "model": "auth.user", "fields": {"username": "GlenSwinfield", "first_name": "Glen", "last_name": "Swinfield", "is_active": true, "is_superuser": false, "is_staff": false, "last_login": "2013-06-02T19:32:24.707", "groups": [], "user_permissions": [], "password": "!", "email": "glen.swinfield@gmail.com", "date_joined": "2013-06-02T19:32:24.694"}}, {"pk": 2, "model": "auth.user", "fields": {"username": "user0", "first_name": "User", "last_name": "Zero", "is_active": true, "is_superuser": false, "is_staff": false, "last_login": "2008-09-05T12:41:19", "groups": [], "user_permissions": [], "password": "sha1$0f040$bf06a328b5c07872f799ba0fdde3a13ac7105be0", "email": "user0@example.com", "date_joined": "2008-09-05T12:41:19"}}, {"pk": 3, "model": "auth.user", "fields": {"username": "EduardFidiles", "first_name": "Eduard", "last_name": "Fidiles", "is_active": true, "is_superuser": false, "is_staff": false, "last_login": "2013-06-05T12:14:01.747", "groups": [], "user_permissions": [], "password": "!", "email": "efidiles.public@gmail.com", "date_joined": "2013-06-05T12:14:01.729"}}, {"pk": 1, "model": "social_auth.usersocialauth", "fields": {"uid": "r7gOIhUU_d", "extra_data": "{\"first_name\": \"Glen\", \"last_name\": \"Swinfield\", \"access_token\": \"oauth_token_secret=5a1625d2-1b0b-47c4-827b-2c314da1e7f5&oauth_token=379e4e8a-5ed0-45de-baf8-5b8d264d73f4\", \"industry\": \"Information Technology and Services\", \"email_address\": \"glen.swinfield@gmail.com\", \"id\": \"r7gOIhUU_d\"}", "user": 1, "provider": "linkedin"}}, {"pk": 2, "model": "social_auth.usersocialauth", "fields": {"uid": "1234567", "extra_data": "{\"first_name\": \"Some\", \"last_name\": \"Guy\", \"access_token\": \"oauth_token_secret=asd&oauth_token=asdasd\", \"industry\": \"Information Technology and Services\", \"email_address\": \"blah@gmail.com\", \"id\": \"486hyf76_f\"}", "user": 2, "provider": "linkedin"}}, {"pk": 3, "model": "social_auth.usersocialauth", "fields": {"uid": "7-E_ZqZKs4", "extra_data": "{\"first_name\": \"Eduard\", \"last_name\": \"Fidiles\", \"access_token\": \"oauth_token_secret=93db5c3d-a867-42ae-9600-d07ced2128e2&oauth_token=8763b9cf-4cbf-4bd2-a764-9eac2f918ea1\", \"industry\": \"Information Technology and Services\", \"email_address\": \"efidiles.public@gmail.com\", \"id\": \"7-E_ZqZKs4\"}", "user": 3, "provider": "linkedin"}}, {"pk": 1, "model": "buzzword.play", "fields": {"incorrect": 0, "finished_at": "2013-06-02T19:33:22.004", "challenge": 1, "valid": true, "user": 1, "time": 9949, "started_at": "2013-06-02T19:32:31.616", "data": "{u'buzzwords_count': 10, u'buzzwords': [u'69f55551069196236e97b626641f6782', u'8ce941e0e955637810668b26de666709', u'336d7afed8724011ad6725302aab7e19', u'a42dc77a52b013c96d31eb7374bad6fe', u'2f1de0333dcb122103ed50da261d2631', u'95f9c2f146f04d4ce9fed7eea8c703de', u'e8c2570ea44f7a4afb6644ff699deb86', u'94348b1c457533a8b148c573ae460eab', u'5b6096c31c0ea574aaabc96db0c58b5c', u'5def4b3bf12255dae539633c08229903'], u'id': 1, u'turns': [{u'answer': u'Curb Trading', u'servertime': 1370201557, u'timer': u'2'}, {u'answer': u'DBT', u'servertime': 1370201560, u'timer': u'2'}, {u'answer': u'Cult Brand', u'servertime': 1370201563, u'timer': u'3'}, {u'answer': u'Capitalized reputation', u'servertime': 1370201571, u'timer': u'7'}, {u'answer': u'Distressed Sale', u'servertime': 1370201576, u'timer': u'5'}, {u'answer': u'Gorilla', u'servertime': 1370201581, u'timer': u'4'}, {u'answer': u'Blogola', u'servertime': 1370201585, u'timer': u'4'}, {u'answer': u'Doorbuster', u'servertime': 1370201592, u'timer': u'6'}, {u'answer': u'Dog Eat Dog', u'servertime': 1370201596, u'timer': u'4'}, {'answer': u'Dial it back', 'servertime': 1370201602, 'timer': u'5'}], u'start': 1370201551}", "correct": 10}}, {"pk": 2, "model": "buzzword.play", "fields": {"incorrect": 2, "finished_at": "2013-06-02T19:35:46.386", "challenge": 2, "valid": true, "user": 1, "time": 7775, "started_at": "2013-06-02T19:34:31.862", "data": "{u'buzzwords_count': 10, u'buzzwords': [u'2fb9ca4d8ebb9cfbac0d43184f5d8f9e', u'63e49763214a5134acba9e80fe783628', u'18cc1721dc847ca63adc666f5d00ec8a', u'2cd46a40c98b7ffb95216f9eaec8888b', u'aba8dc788b40285c8a8f231f16ed2966', u'22256079cc5594902bc89abe559442fe', u'a9d2637612fdc4053d7e769836a82de8', u'04dba46af12d43aae9d2561861970dbb', u'b16e8f3d60662d49628683ed4f441a42', u'8e913b9800284558a76745a7a5fbfb97'], u'id': 2, u'turns': [{u'answer': u'CCYA', u'servertime': 1370201679, u'timer': u'4'}, {u'answer': u'Drinking the Kool-Aid', u'servertime': 1370201686, u'timer': u'6'}, {u'answer': u'Airball', u'servertime': 1370201697, u'timer': u'11'}, {u'answer': u'Blame shift', u'servertime': 1370201707, u'timer': u'9'}, {u'answer': u'Directionally correct', u'servertime': 1370201713, u'timer': u'5'}, {u'answer': u'Coin operated', u'servertime': 1370201718, u'timer': u'5'}, {u'answer': u'Adhocracy', u'servertime': 1370201724, u'timer': u'6'}, {u'answer': u'Golden Handcuffs', u'servertime': 1370201728, u'timer': u'4'}, {u'answer': u'Capsizing', u'servertime': 1370201738, u'timer': u'10'}, {'answer': u'Elevator Pitch', 'servertime': 1370201746, 'timer': u'7'}], u'start': 1370201671}", "correct": 8}}, {"pk": 3, "model": "buzzword.play", "fields": {"incorrect": 1, "finished_at": "2013-06-02T19:38:31.675", "challenge": 3, "valid": true, "user": 1, "time": 8820, "started_at": "2013-06-02T19:37:31.846", "data": "{u'buzzwords_count': 10, u'buzzwords': [u'42a3d54629a4fe1eee7dc17d96889ae3', u'ca078fc813a0df98c962af94dd59a2f1', u'4bdd2f140e820e722c9afaed17966b7f', u'085112f7031760bea52485f364d26d6e', u'178fde647037235223ac2a188a7106b1', u'47963f1632070d7c31ba16b99857ae9e', u'b903f926499f8940f8464722e6fd710e', u'dc4274c212e55af54ba105e24c1c3053', u'f7f15285e6632e4de049885f17304c25', u'867343577fa1f33caa632a19543bd252'], u'id': 3, u'turns': [{u'answer': u'Social media optimization (SMO)', u'servertime': 1370201858, u'timer': u'3'}, {u'answer': u'Blogosphere', u'servertime': 1370201864, u'timer': u'5'}, {u'answer': u'Microblogging', u'servertime': 1370201871, u'timer': u'7'}, {u'answer': u'Meme', u'servertime': 1370201874, u'timer': u'2'}, {u'answer': u'Archives', u'servertime': 1370201880, u'timer': u'5'}, {u'answer': u'Podcast', u'servertime': 1370201884, u'timer': u'4'}, {u'answer': u'Aggregator', u'servertime': 1370201890, u'timer': u'5'}, {u'answer': u'Enterprise 2.0', u'servertime': 1370201899, u'timer': u'8'}, {u'answer': u'Enterprise 2.0', u'servertime': 1370201904, u'timer': u'5'}, {'answer': u'Keywords', 'servertime': 1370201911, 'timer': u'7'}], u'start': 1370201851}", "correct": 9}}, {"pk": 4, "model": "buzzword.play", "fields": {"incorrect": 9, "finished_at": "2013-06-05T12:21:23.132", "challenge": 5, "valid": true, "user": 3, "time": 955, "started_at": "2013-06-05T12:21:08.323", "data": "{u'buzzwords_count': 10, u'buzzwords': [u'Blanding', u'Glocalization', u'Below Zeros', u'Anecdotal evidence', u'Death By A Thousand Cuts', u'Doorbuster', u'Critical Path Analysis', u'Gorilla', u'Columbo site', u'Mindshare'], u'id': 4, u'turns': [{u'answer': u'Fire Sale', u'servertime': 1370434871, u'timer': u'0'}, {u'answer': u'Distressed Sale', u'servertime': 1370434873, u'timer': u'1'}, {u'answer': u'Gorilla', u'servertime': 1370434874, u'timer': u'1'}, {u'answer': u'Mindshare', u'servertime': 1370434875, u'timer': u'1'}, {u'answer': u'Columbo site', u'servertime': 1370434876, u'timer': u'1'}, {u'answer': u'Doorbuster', u'servertime': 1370434878, u'timer': u'1'}, {u'answer': u'Eating your own dogfood', u'servertime': 1370434879, u'timer': u'1'}, {u'answer': u'Below Zeros', u'servertime': 1370434880, u'timer': u'1'}, {u'answer': u'Data point', u'servertime': 1370434881, u'timer': u'1'}, {'answer': u'Coiled Market', 'servertime': 1370434883, 'timer': u'1'}], u'start': 1370434868}", "correct": 1}}, {"pk": 5, "model": "buzzword.play", "fields": {"incorrect": 8, "finished_at": "2013-06-05T12:21:52.349", "challenge": 6, "valid": true, "user": 3, "time": 1943, "started_at": "2013-06-05T12:21:33.710", "data": "{u'buzzwords_count': 10, u'buzzwords': [u'Bear Squeeze', u'Ghosting', u'Chasing Nickels Around Dollar Bills', u'Footsie - FTSE 100', u'Bellwether Stock', u'Goldilocks Economy', u'Golden Share', u'Blind Pool', u'Aunt Millie', u'Control Stock'], u'id': 5, u'turns': [{u'answer': u'Casino Finance', u'servertime': 1370434902, u'timer': u'5'}, {u'answer': u'Bear Tack', u'servertime': 1370434903, u'timer': u'1'}, {u'answer': u'Chasing Nickels Around Dollar Bills', u'servertime': 1370434905, u'timer': u'1'}, {u'answer': u'Footsie - FTSE 100', u'servertime': 1370434905, u'timer': u'1'}, {u'answer': u'Black Swan', u'servertime': 1370434907, u'timer': u'1'}, {u'answer': u'Aspirin Count Theory', u'servertime': 1370434907, u'timer': u'1'}, {u'answer': u'Dry Powder', u'servertime': 1370434909, u'timer': u'1'}, {u'answer': u'Golden Share', u'servertime': 1370434910, u'timer': u'1'}, {u'answer': u'Champagne Stock', u'servertime': 1370434911, u'timer': u'1'}, {'answer': u'Fifth-Letter Identifier', 'servertime': 1370434912, 'timer': u'1'}], u'start': 1370434893}", "correct": 2}}, {"pk": 6, "model": "buzzword.play", "fields": {"incorrect": 7, "finished_at": "2013-06-05T12:22:13.777", "challenge": 7, "valid": true, "user": 3, "time": 1961, "started_at": "2013-06-05T12:22:00.751", "data": "{u'buzzwords_count': 9, u'buzzwords': [u'Public cloud', u'Platform as a Service (PaaS)', u'Private cloud', u'Integration connector', u'Ajax (Asynchronous JavaScript and XML)', u'Cloud', u'Software as a Service (SaaS)', u'Hybrid cloud', u'Multi-tenancy'], u'id': 6, u'start': 1370434920, u'turns': [{u'answer': u'Private cloud', u'servertime': 1370434924, u'timer': u'0'}, {u'answer': u'Software as a Service (SaaS)', u'servertime': 1370434925, u'timer': u'1'}, {u'answer': u'Cloud', u'servertime': 1370434926, u'timer': u'1'}, {u'answer': u'Integration connector', u'servertime': 1370434928, u'timer': u'1'}, {u'answer': u'Ajax (Asynchronous JavaScript and XML)', u'servertime': 1370434929, u'timer': u'1'}, {u'answer': u'Software as a Service (SaaS)', u'servertime': 1370434930, u'timer': u'1'}, {u'answer': u'Multi-tenancy', u'servertime': 1370434931, u'timer': u'1'}, {u'answer': u'Cloud', u'servertime': 1370434932, u'timer': u'1'}, {'answer': u'Cloud', 'servertime': 1370434933, 'timer': u'1'}]}", "correct": 2}}, {"pk": 7, "model": "buzzword.play", "fields": {"incorrect": 8, "finished_at": "2013-06-05T12:22:34.904", "challenge": 8, "valid": true, "user": 3, "time": 1955, "started_at": "2013-06-05T12:22:19.891", "data": "{u'buzzwords_count': 10, u'buzzwords': [u'RSS', u'Archives', u'Blogosphere', u'Aggregator', u'Microblogging', u'Meme', u'Podcast', u'Social Graph', u'Dynamic Content', u'Enterprise 2.0'], u'id': 7, u'turns': [{u'answer': u'RSS', u'servertime': 1370434943, u'timer': u'0'}, {u'answer': u'Enterprise 2.0', u'servertime': 1370434945, u'timer': u'1'}, {u'answer': u'Archives', u'servertime': 1370434945, u'timer': u'1'}, {u'answer': u'Social Graph', u'servertime': 1370434947, u'timer': u'1'}, {u'answer': u'Meme', u'servertime': 1370434948, u'timer': u'1'}, {u'answer': u'Meme', u'servertime': 1370434949, u'timer': u'1'}, {u'answer': u'Keywords', u'servertime': 1370434950, u'timer': u'1'}, {u'answer': u'Dynamic Content', u'servertime': 1370434951, u'timer': u'1'}, {u'answer': u'Microblogging', u'servertime': 1370434953, u'timer': u'2'}, {'answer': u'Archives', 'servertime': 1370434954, 'timer': u'1'}], u'start': 1370434939}", "correct": 2}}, {"pk": 8, "model": "buzzword.play", "fields": {"incorrect": 7, "finished_at": "2013-06-05T12:22:58.643", "challenge": 9, "valid": true, "user": 3, "time": 2958, "started_at": "2013-06-05T12:22:44.749", "data": "{u'buzzwords_count': 10, u'buzzwords': [u'BYOA', u'Bobbleheading', u'Commoditize', u'Minergy', u'Coaster', u'Drinking the Kool-Aid', u'Adhocracy', u'Golden Life Jacket', u'CCYA', u'Coin operated'], u'id': 8, u'turns': [{u'answer': u'Coma factor', u'servertime': 1370434968, u'timer': u'0'}, {u'answer': u'Barn raising', u'servertime': 1370434969, u'timer': u'1'}, {u'answer': u'Body Of Knowledge - BOK', u'servertime': 1370434970, u'timer': u'1'}, {u'answer': u'Minergy', u'servertime': 1370434971, u'timer': u'1'}, {u'answer': u'Acqui-hire', u'servertime': 1370434972, u'timer': u'1'}, {u'answer': u'Alphanista', u'servertime': 1370434973, u'timer': u'1'}, {u'answer': u'Adhocracy', u'servertime': 1370434974, u'timer': u'1'}, {u'answer': u'Tri-ti-taking', u'servertime': 1370434976, u'timer': u'1'}, {u'answer': u'Director of First Impressions', u'servertime': 1370434977, u'timer': u'1'}, {'answer': u'Coin operated', 'servertime': 1370434978, 'timer': u'1'}], u'start': 1370434964}", "correct": 3}}, {"pk": 9, "model": "buzzword.play", "fields": {"incorrect": 10, "finished_at": "2013-06-05T12:23:18.541", "challenge": 10, "valid": true, "user": 3, "time": 0, "started_at": "2013-06-05T12:23:04.436", "data": "{u'buzzwords_count': 10, u'buzzwords': [u'Enterprise 2.0', u'Keywords', u'Microblogging', u'Blogosphere', u'RSS', u'Meme', u'Dynamic Content', u'Podcast', u'Aggregator', u'Social media optimization (SMO)'], u'id': 9, u'turns': [{u'answer': u'Dynamic Content', u'servertime': 1370434987, u'timer': u'0'}, {u'answer': u'Aggregator', u'servertime': 1370434989, u'timer': u'1'}, {u'answer': u'RSS', u'servertime': 1370434990, u'timer': u'1'}, {u'answer': u'RSS', u'servertime': 1370434991, u'timer': u'1'}, {u'answer': u'Social media optimization (SMO)', u'servertime': 1370434992, u'timer': u'1'}, {u'answer': u'Keywords', u'servertime': 1370434994, u'timer': u'1'}, {u'answer': u'Enterprise 2.0', u'servertime': 1370434994, u'timer': u'1'}, {u'answer': u'Keywords', u'servertime': 1370434996, u'timer': u'1'}, {u'answer': u'Microblogging', u'servertime': 1370434997, u'timer': u'1'}, {'answer': u'Podcast', 'servertime': 1370434998, 'timer': u'1'}], u'start': 1370434984}", "correct": 0}}, {"pk": 10, "model": "buzzword.play", "fields": {"incorrect": 6, "finished_at": "2013-06-06T10:08:41.791", "challenge": 7, "valid": true, "user": 1, "time": 2946, "started_at": "2013-06-06T10:08:23.397", "data": "{u'buzzwords_count': 9, u'buzzwords': [u'Public cloud', u'Platform as a Service (PaaS)', u'Private cloud', u'Integration connector', u'Ajax (Asynchronous JavaScript and XML)', u'Cloud', u'Software as a Service (SaaS)', u'Hybrid cloud', u'Multi-tenancy'], u'id': 10, u'start': 1370513303, u'turns': [{u'answer': u'Software as a Service (SaaS)', u'servertime': 1370513308, u'timer': u'1'}, {u'answer': u'Platform as a Service (PaaS)', u'servertime': 1370513310, u'timer': u'1'}, {u'answer': u'Hybrid cloud', u'servertime': 1370513312, u'timer': u'2'}, {u'answer': u'Integration connector', u'servertime': 1370513314, u'timer': u'1'}, {u'answer': u'Hybrid cloud', u'servertime': 1370513316, u'timer': u'1'}, {u'answer': u'Private cloud', u'servertime': 1370513317, u'timer': u'1'}, {u'answer': u'Integration connector', u'servertime': 1370513318, u'timer': u'1'}, {u'answer': u'Hybrid cloud', u'servertime': 1370513320, u'timer': u'1'}, {'answer': u'Private cloud', 'servertime': 1370513321, 'timer': u'1'}]}", "correct": 3}}, {"pk": 11, "model": "buzzword.play", "fields": {"incorrect": 6, "finished_at": "2013-06-06T10:09:11.481", "challenge": 5, "valid": true, "user": 1, "time": 3949, "started_at": "2013-06-06T10:08:54.959", "data": "{u'buzzwords_count': 10, u'buzzwords': [u'Blanding', u'Glocalization', u'Below Zeros', u'Anecdotal evidence', u'Death By A Thousand Cuts', u'Doorbuster', u'Critical Path Analysis', u'Gorilla', u'Columbo site', u'Mindshare'], u'id': 11, u'turns': [{u'answer': u'Blanding', u'servertime': 1370513339, u'timer': u'0'}, {u'answer': u'Blanding', u'servertime': 1370513340, u'timer': u'1'}, {u'answer': u'Below Zeros', u'servertime': 1370513342, u'timer': u'1'}, {u'answer': u'Bloated syntax', u'servertime': 1370513343, u'timer': u'1'}, {u'answer': u'Critical Path Analysis', u'servertime': 1370513344, u'timer': u'1'}, {u'answer': u'Showrooming', u'servertime': 1370513346, u'timer': u'1'}, {u'answer': u'Eating your own dogfood', u'servertime': 1370513347, u'timer': u'1'}, {u'answer': u'Gorilla', u'servertime': 1370513348, u'timer': u'1'}, {u'answer': u'Data point', u'servertime': 1370513350, u'timer': u'1'}, {'answer': u'Mindshare', 'servertime': 1370513351, 'timer': u'1'}], u'start': 1370513334}", "correct": 4}}, {"pk": 1, "model": "buzzword.challenge", "fields": {"timesplayed": 1, "created": "2013-06-02T19:32:31.445", "ceo": false, "connection_id": "r7gOIhUU_d", "user": 1, "genre": 2}}, {"pk": 2, "model": "buzzword.challenge", "fields": {"timesplayed": 1, "created": "2013-06-02T19:34:31.692", "ceo": false, "connection_id": "r7gOIhUU_d", "user": 1, "genre": 1}}, {"pk": 3, "model": "buzzword.challenge", "fields": {"timesplayed": 1, "created": "2013-06-02T19:37:31.693", "ceo": false, "connection_id": "r7gOIhUU_d", "user": 1, "genre": 6}}, {"pk": 4, "model": "buzzword.challenge", "fields": {"timesplayed": 1, "created": "2013-06-05T12:14:08.559", "ceo": false, "connection_id": "7-E_ZqZKs4", "user": 3, "genre": 2}}, {"pk": 5, "model": "buzzword.challenge", "fields": {"timesplayed": 2, "created": "2013-06-05T12:21:07.886", "ceo": false, "connection_id": "7-E_ZqZKs4", "user": 3, "genre": 2}}, {"pk": 6, "model": "buzzword.challenge", "fields": {"timesplayed": 1, "created": "2013-06-05T12:21:33.250", "ceo": false, "connection_id": "7-E_ZqZKs4", "user": 3, "genre": 3}}, {"pk": 7, "model": "buzzword.challenge", "fields": {"timesplayed": 2, "created": "2013-06-05T12:22:00.331", "ceo": false, "connection_id": "7-E_ZqZKs4", "user": 3, "genre": 7}}, {"pk": 8, "model": "buzzword.challenge", "fields": {"timesplayed": 1, "created": "2013-06-05T12:22:19.475", "ceo": false, "connection_id": "7-E_ZqZKs4", "user": 3, "genre": 6}}, {"pk": 9, "model": "buzzword.challenge", "fields": {"timesplayed": 1, "created": "2013-06-05T12:22:44.309", "ceo": false, "connection_id": "7-E_ZqZKs4", "user": 3, "genre": 1}}, {"pk": 10, "model": "buzzword.challenge", "fields": {"timesplayed": 1, "created": "2013-06-05T12:23:03.970", "ceo": false, "connection_id": "7-E_ZqZKs4", "user": 3, "genre": 6}}, {"pk": 1, "model": "buzzword.userprofile", "fields": {"picture": "http://m3.licdn.com/mpr/mprx/0_uBxCSy-1BOTI1F86uAyjS0LAcZv6PC36mKwjS0v_HOT9u69Qhl7mix3SJvzJr5hoSNgyCZbMC9Ag", "user": 1, "linkedin_id": "r7gOIhUU_d"}}, {"pk": 2, "model": "buzzword.userprofile", "fields": {"picture": "http://m3.licdn.com/mpr/mprx/0_D5pUSRsOeshe9HQo_GuXSZdPEj5Lnanof3HXSMZGvUlzWETET_2BiJ22krLVzdB62QO5COoed-rs", "user": 3, "linkedin_id": "7-E_ZqZKs4"}}]